city	mode	analysis_area_id_list	month	year	fm_cmp
Arlington	bicycle	[6, 7, 9, 11, 12, 13, 15, 16, 18, 20, 22, 24, 26, 27, 29, 103, 2, 5]	1	2010	0.38
Arlington	bicycle	[6, 7, 9, 11, 12, 13, 15, 16, 18, 20, 22, 24, 26, 27, 29, 103, 2, 5]	2	2010	0.04
Arlington	bicycle	[6, 7, 9, 11, 12, 13, 15, 16, 18, 20, 22, 24, 26, 27, 29, 103, 2, 5]	3	2010	0.78
Arlington	bicycle	[6, 7, 9, 11, 12, 13, 15, 16, 18, 20, 22, 24, 26, 27, 29, 103, 2, 5]	4	2010	1.39
Arlington	bicycle	[6, 7, 9, 11, 12, 13, 15, 16, 18, 20, 22, 24, 26, 27, 29, 103, 2, 5]	5	2010	1.37
Arlington	bicycle	[6, 7, 9, 11, 12, 13, 15, 16, 18, 20, 22, 24, 26, 27, 29, 103, 2, 5]	6	2010	1.53
Arlington	bicycle	[6, 7, 9, 11, 12, 13, 15, 16, 18, 20, 22, 24, 26, 27, 29, 103, 2, 5]	7	2010	1.47
Arlington	bicycle	[6, 7, 9, 11, 12, 13, 15, 16, 18, 20, 22, 24, 26, 27, 29, 103, 2, 5]	8	2010	1.35
Arlington	bicycle	[6, 7, 9, 11, 12, 13, 15, 16, 18, 20, 22, 24, 26, 27, 29, 103, 2, 5]	9	2010	1.40
Arlington	bicycle	[6, 7, 9, 11, 12, 13, 15, 16, 18, 20, 22, 24, 26, 27, 29, 103, 2, 5]	10	2010	1.15
Arlington	bicycle	[6, 7, 9, 11, 12, 13, 15, 16, 18, 20, 22, 24, 26, 27, 29, 103, 2, 5]	11	2010	0.86
Arlington	bicycle	[6, 7, 9, 11, 12, 13, 15, 16, 18, 20, 22, 24, 26, 27, 29, 103, 2, 5]	12	2010	0.34
Arlington	bicycle	[6, 7, 9, 11, 12, 13, 15, 16, 18, 20, 22, 24, 26, 27, 29, 103, 2, 5]	1	2011	0.29
Arlington	bicycle	[6, 7, 9, 11, 12, 13, 15, 16, 18, 20, 22, 24, 26, 27, 29, 103, 2, 5]	2	2011	0.46
Arlington	bicycle	[6, 7, 9, 11, 12, 13, 15, 16, 18, 20, 22, 24, 26, 27, 29, 103, 2, 5]	3	2011	0.76
Arlington	bicycle	[6, 7, 9, 11, 12, 13, 15, 16, 18, 20, 22, 24, 26, 27, 29, 103, 2, 5]	4	2011	1.14
Arlington	bicycle	[6, 7, 9, 11, 12, 13, 15, 16, 18, 20, 22, 24, 26, 27, 29, 103, 2, 5]	5	2011	1.43
Arlington	bicycle	[6, 7, 9, 11, 12, 13, 15, 16, 18, 20, 22, 24, 26, 27, 29, 103, 2, 5]	6	2011	1.56
Arlington	bicycle	[6, 7, 9, 11, 12, 13, 15, 16, 18, 20, 22, 24, 26, 27, 29, 103, 2, 5]	7	2011	1.45
Arlington	bicycle	[6, 7, 9, 11, 12, 13, 15, 16, 18, 20, 22, 24, 26, 27, 29, 103, 2, 5]	8	2011	1.37
Arlington	bicycle	[6, 7, 9, 11, 12, 13, 15, 16, 18, 20, 22, 24, 26, 27, 29, 103, 2, 5]	9	2011	1.20
Arlington	bicycle	[6, 7, 9, 11, 12, 13, 15, 16, 18, 20, 22, 24, 26, 27, 29, 103, 2, 5]	10	2011	1.00
Arlington	bicycle	[6, 7, 9, 11, 12, 13, 15, 16, 18, 20, 22, 24, 26, 27, 29, 103, 2, 5]	11	2011	0.92
Arlington	bicycle	[6, 7, 9, 11, 12, 13, 15, 16, 18, 20, 22, 24, 26, 27, 29, 103, 2, 5]	12	2011	0.62
Arlington	bicycle	[6, 7, 9, 11, 12, 13, 15, 16, 18, 20, 22, 24, 26, 27, 29, 103, 2, 5]	1	2012	0.56
Arlington	bicycle	[6, 7, 9, 11, 12, 13, 15, 16, 18, 20, 22, 24, 26, 27, 29, 103, 2, 5]	2	2012	0.65
Arlington	bicycle	[6, 7, 9, 11, 12, 13, 15, 16, 18, 20, 22, 24, 26, 27, 29, 103, 2, 5]	3	2012	0.81
Arlington	bicycle	[6, 7, 9, 11, 12, 13, 15, 16, 18, 20, 22, 24, 26, 27, 29, 103, 2, 5]	4	2012	0.86
Arlington	bicycle	[6, 7, 9, 11, 12, 13, 15, 16, 18, 20, 22, 24, 26, 27, 29, 103, 2, 5]	5	2012	1.28
Arlington	bicycle	[6, 7, 9, 11, 12, 13, 15, 16, 18, 20, 22, 24, 26, 27, 29, 103, 2, 5]	6	2012	1.47
Arlington	bicycle	[6, 7, 9, 11, 12, 13, 15, 16, 18, 20, 22, 24, 26, 27, 29, 103, 2, 5]	7	2012	1.34
Arlington	bicycle	[6, 7, 9, 11, 12, 13, 15, 16, 18, 20, 22, 24, 26, 27, 29, 103, 2, 5]	8	2012	1.37
Arlington	bicycle	[6, 7, 9, 11, 12, 13, 15, 16, 18, 20, 22, 24, 26, 27, 29, 103, 2, 5]	9	2012	1.42
Arlington	bicycle	[6, 7, 9, 11, 12, 13, 15, 16, 18, 20, 22, 24, 26, 27, 29, 103, 2, 5]	10	2012	0.99
Arlington	bicycle	[6, 7, 9, 11, 12, 13, 15, 16, 18, 20, 22, 24, 26, 27, 29, 103, 2, 5]	11	2012	0.71
Arlington	bicycle	[6, 7, 9, 11, 12, 13, 15, 16, 18, 20, 22, 24, 26, 27, 29, 103, 2, 5]	12	2012	0.61
Arlington	bicycle	[6, 7, 9, 11, 12, 13, 15, 16, 18, 20, 22, 24, 26, 27, 29, 103, 2, 5]	1	2013	0.48
Arlington	bicycle	[6, 7, 9, 11, 12, 13, 15, 16, 18, 20, 22, 24, 26, 27, 29, 103, 2, 5]	2	2013	0.43
Arlington	bicycle	[6, 7, 9, 11, 12, 13, 15, 16, 18, 20, 22, 24, 26, 27, 29, 103, 2, 5]	3	2013	0.58
Arlington	bicycle	[6, 7, 9, 11, 12, 13, 15, 16, 18, 20, 22, 24, 26, 27, 29, 103, 2, 5]	4	2013	1.19
Arlington	bicycle	[6, 7, 9, 11, 12, 13, 15, 16, 18, 20, 22, 24, 26, 27, 29, 103, 2, 5]	5	2013	1.26
Arlington	bicycle	[6, 7, 9, 11, 12, 13, 15, 16, 18, 20, 22, 24, 26, 27, 29, 103, 2, 5]	6	2013	1.43
Arlington	bicycle	[6, 7, 9, 11, 12, 13, 15, 16, 18, 20, 22, 24, 26, 27, 29, 103, 2, 5]	7	2013	1.46
Arlington	bicycle	[6, 7, 9, 11, 12, 13, 15, 16, 18, 20, 22, 24, 26, 27, 29, 103, 2, 5]	8	2013	1.46
Arlington	bicycle	[6, 7, 9, 11, 12, 13, 15, 16, 18, 20, 22, 24, 26, 27, 29, 103, 2, 5]	9	2013	1.39
Arlington	bicycle	[6, 7, 9, 11, 12, 13, 15, 16, 18, 20, 22, 24, 26, 27, 29, 103, 2, 5]	10	2013	1.05
Arlington	bicycle	[6, 7, 9, 11, 12, 13, 15, 16, 18, 20, 22, 24, 26, 27, 29, 103, 2, 5]	11	2013	0.83
Arlington	bicycle	[6, 7, 9, 11, 12, 13, 15, 16, 18, 20, 22, 24, 26, 27, 29, 103, 2, 5]	12	2013	0.54
Arlington	bicycle	[6, 7, 9, 11, 12, 13, 15, 16, 18, 20, 22, 24, 26, 27, 29, 103, 2, 5]	1	2014	0.31
Arlington	bicycle	[6, 7, 9, 11, 12, 13, 15, 16, 18, 20, 22, 24, 26, 27, 29, 103, 2, 5]	2	2014	0.42
Arlington	bicycle	[6, 7, 9, 11, 12, 13, 15, 16, 18, 20, 22, 24, 26, 27, 29, 103, 2, 5]	3	2014	0.53
Arlington	bicycle	[6, 7, 9, 11, 12, 13, 15, 16, 18, 20, 22, 24, 26, 27, 29, 103, 2, 5]	4	2014	1.20
Arlington	bicycle	[6, 7, 9, 11, 12, 13, 15, 16, 18, 20, 22, 24, 26, 27, 29, 103, 2, 5]	5	2014	1.51
Arlington	bicycle	[6, 7, 9, 11, 12, 13, 15, 16, 18, 20, 22, 24, 26, 27, 29, 103, 2, 5]	6	2014	1.59
Arlington	bicycle	[6, 7, 9, 11, 12, 13, 15, 16, 18, 20, 22, 24, 26, 27, 29, 103, 2, 5]	7	2014	1.52
Arlington	bicycle	[6, 7, 9, 11, 12, 13, 15, 16, 18, 20, 22, 24, 26, 27, 29, 103, 2, 5]	8	2014	1.48
Arlington	bicycle	[6, 7, 9, 11, 12, 13, 15, 16, 18, 20, 22, 24, 26, 27, 29, 103, 2, 5]	9	2014	1.39
Arlington	bicycle	[6, 7, 9, 11, 12, 13, 15, 16, 18, 20, 22, 24, 26, 27, 29, 103, 2, 5]	10	2014	1.02
Arlington	bicycle	[6, 7, 9, 11, 12, 13, 15, 16, 18, 20, 22, 24, 26, 27, 29, 103, 2, 5]	11	2014	0.64
Arlington	bicycle	[6, 7, 9, 11, 12, 13, 15, 16, 18, 20, 22, 24, 26, 27, 29, 103, 2, 5]	12	2014	0.43
Arlington	bicycle	[6, 7, 9, 11, 12, 13, 15, 16, 18, 20, 22, 24, 26, 27, 29, 103, 2, 5]	1	2015	0.32
Arlington	bicycle	[6, 7, 9, 11, 12, 13, 15, 16, 18, 20, 22, 24, 26, 27, 29, 103, 2, 5]	2	2015	0.29
Arlington	bicycle	[6, 7, 9, 11, 12, 13, 15, 16, 18, 20, 22, 24, 26, 27, 29, 103, 2, 5]	3	2015	0.55
Arlington	bicycle	[6, 7, 9, 11, 12, 13, 15, 16, 18, 20, 22, 24, 26, 27, 29, 103, 2, 5]	4	2015	1.16
Arlington	bicycle	[6, 7, 9, 11, 12, 13, 15, 16, 18, 20, 22, 24, 26, 27, 29, 103, 2, 5]	5	2015	1.54
Arlington	bicycle	[6, 7, 9, 11, 12, 13, 15, 16, 18, 20, 22, 24, 26, 27, 29, 103, 2, 5]	6	2015	1.36
Arlington	bicycle	[6, 7, 9, 11, 12, 13, 15, 16, 18, 20, 22, 24, 26, 27, 29, 103, 2, 5]	7	2015	1.44
Arlington	bicycle	[6, 7, 9, 11, 12, 13, 15, 16, 18, 20, 22, 24, 26, 27, 29, 103, 2, 5]	8	2015	1.52
Arlington	bicycle	[6, 7, 9, 11, 12, 13, 15, 16, 18, 20, 22, 24, 26, 27, 29, 103, 2, 5]	9	2015	1.38
Arlington	bicycle	[6, 7, 9, 11, 12, 13, 15, 16, 18, 20, 22, 24, 26, 27, 29, 103, 2, 5]	10	2015	1.02
Arlington	bicycle	[6, 7, 9, 11, 12, 13, 15, 16, 18, 20, 22, 24, 26, 27, 29, 103, 2, 5]	11	2015	0.84
Arlington	bicycle	[6, 7, 9, 11, 12, 13, 15, 16, 18, 20, 22, 24, 26, 27, 29, 103, 2, 5]	12	2015	0.66
Arlington	bicycle	[6, 7, 9, 11, 12, 13, 15, 16, 18, 20, 22, 24, 26, 27, 29, 103, 2, 5]	1	2016	0.34
Arlington	bicycle	[6, 7, 9, 11, 12, 13, 15, 16, 18, 20, 22, 24, 26, 27, 29, 103, 2, 5]	2	2016	0.42
Arlington	bicycle	[6, 7, 9, 11, 12, 13, 15, 16, 18, 20, 22, 24, 26, 27, 29, 103, 2, 5]	3	2016	0.86
Arlington	bicycle	[6, 7, 9, 11, 12, 13, 15, 16, 18, 20, 22, 24, 26, 27, 29, 103, 2, 5]	4	2016	1.00
Arlington	bicycle	[6, 7, 9, 11, 12, 13, 15, 16, 18, 20, 22, 24, 26, 27, 29, 103, 2, 5]	5	2016	1.11
Arlington	bicycle	[6, 7, 9, 11, 12, 13, 15, 16, 18, 20, 22, 24, 26, 27, 29, 103, 2, 5]	6	2016	1.59
Arlington	bicycle	[6, 7, 9, 11, 12, 13, 15, 16, 18, 20, 22, 24, 26, 27, 29, 103, 2, 5]	7	2016	1.43
Arlington	bicycle	[6, 7, 9, 11, 12, 13, 15, 16, 18, 20, 22, 24, 26, 27, 29, 103, 2, 5]	8	2016	1.41
Arlington	bicycle	[6, 7, 9, 11, 12, 13, 15, 16, 18, 20, 22, 24, 26, 27, 29, 103, 2, 5]	9	2016	1.36
Arlington	bicycle	[6, 7, 9, 11, 12, 13, 15, 16, 18, 20, 22, 24, 26, 27, 29, 103, 2, 5]	10	2016	1.18
Arlington	bicycle	[6, 7, 9, 11, 12, 13, 15, 16, 18, 20, 22, 24, 26, 27, 29, 103, 2, 5]	11	2016	0.95
Arlington	bicycle	[6, 7, 9, 11, 12, 13, 15, 16, 18, 20, 22, 24, 26, 27, 29, 103, 2, 5]	12	2016	0.52
Arlington	pedestrian	[8, 10, 14, 17, 19, 21, 23, 25, 28, 30, 3, 4]	1	2010	0.65
Arlington	pedestrian	[8, 10, 14, 17, 19, 21, 23, 25, 28, 30, 3, 4]	2	2010	0.26
Arlington	pedestrian	[8, 10, 14, 17, 19, 21, 23, 25, 28, 30, 3, 4]	3	2010	1.16
Arlington	pedestrian	[8, 10, 14, 17, 19, 21, 23, 25, 28, 30, 3, 4]	4	2010	1.34
Arlington	pedestrian	[8, 10, 14, 17, 19, 21, 23, 25, 28, 30, 3, 4]	5	2010	1.17
Arlington	pedestrian	[8, 10, 14, 17, 19, 21, 23, 25, 28, 30, 3, 4]	6	2010	1.16
Arlington	pedestrian	[8, 10, 14, 17, 19, 21, 23, 25, 28, 30, 3, 4]	7	2010	1.07
Arlington	pedestrian	[8, 10, 14, 17, 19, 21, 23, 25, 28, 30, 3, 4]	8	2010	1.15
Arlington	pedestrian	[8, 10, 14, 17, 19, 21, 23, 25, 28, 30, 3, 4]	9	2010	1.20
Arlington	pedestrian	[8, 10, 14, 17, 19, 21, 23, 25, 28, 30, 3, 4]	10	2010	1.29
Arlington	pedestrian	[8, 10, 14, 17, 19, 21, 23, 25, 28, 30, 3, 4]	11	2010	0.97
Arlington	pedestrian	[8, 10, 14, 17, 19, 21, 23, 25, 28, 30, 3, 4]	12	2010	0.56
Arlington	pedestrian	[8, 10, 14, 17, 19, 21, 23, 25, 28, 30, 3, 4]	1	2011	0.60
Arlington	pedestrian	[8, 10, 14, 17, 19, 21, 23, 25, 28, 30, 3, 4]	2	2011	0.92
Arlington	pedestrian	[8, 10, 14, 17, 19, 21, 23, 25, 28, 30, 3, 4]	3	2011	1.11
Arlington	pedestrian	[8, 10, 14, 17, 19, 21, 23, 25, 28, 30, 3, 4]	4	2011	1.27
Arlington	pedestrian	[8, 10, 14, 17, 19, 21, 23, 25, 28, 30, 3, 4]	5	2011	1.18
Arlington	pedestrian	[8, 10, 14, 17, 19, 21, 23, 25, 28, 30, 3, 4]	6	2011	1.14
Arlington	pedestrian	[8, 10, 14, 17, 19, 21, 23, 25, 28, 30, 3, 4]	7	2011	0.89
Arlington	pedestrian	[8, 10, 14, 17, 19, 21, 23, 25, 28, 30, 3, 4]	8	2011	1.05
Arlington	pedestrian	[8, 10, 14, 17, 19, 21, 23, 25, 28, 30, 3, 4]	9	2011	1.03
Arlington	pedestrian	[8, 10, 14, 17, 19, 21, 23, 25, 28, 30, 3, 4]	10	2011	1.04
Arlington	pedestrian	[8, 10, 14, 17, 19, 21, 23, 25, 28, 30, 3, 4]	11	2011	1.04
Arlington	pedestrian	[8, 10, 14, 17, 19, 21, 23, 25, 28, 30, 3, 4]	12	2011	0.79
Arlington	pedestrian	[8, 10, 14, 17, 19, 21, 23, 25, 28, 30, 3, 4]	1	2012	0.72
Arlington	pedestrian	[8, 10, 14, 17, 19, 21, 23, 25, 28, 30, 3, 4]	2	2012	0.81
Arlington	pedestrian	[8, 10, 14, 17, 19, 21, 23, 25, 28, 30, 3, 4]	3	2012	0.91
Arlington	pedestrian	[8, 10, 14, 17, 19, 21, 23, 25, 28, 30, 3, 4]	4	2012	0.96
Arlington	pedestrian	[8, 10, 14, 17, 19, 21, 23, 25, 28, 30, 3, 4]	5	2012	1.28
Arlington	pedestrian	[8, 10, 14, 17, 19, 21, 23, 25, 28, 30, 3, 4]	6	2012	1.34
Arlington	pedestrian	[8, 10, 14, 17, 19, 21, 23, 25, 28, 30, 3, 4]	7	2012	1.06
Arlington	pedestrian	[8, 10, 14, 17, 19, 21, 23, 25, 28, 30, 3, 4]	8	2012	1.15
Arlington	pedestrian	[8, 10, 14, 17, 19, 21, 23, 25, 28, 30, 3, 4]	9	2012	1.29
Arlington	pedestrian	[8, 10, 14, 17, 19, 21, 23, 25, 28, 30, 3, 4]	10	2012	1.08
Arlington	pedestrian	[8, 10, 14, 17, 19, 21, 23, 25, 28, 30, 3, 4]	11	2012	0.75
Arlington	pedestrian	[8, 10, 14, 17, 19, 21, 23, 25, 28, 30, 3, 4]	12	2012	0.68
Arlington	pedestrian	[8, 10, 14, 17, 19, 21, 23, 25, 28, 30, 3, 4]	1	2013	0.76
Arlington	pedestrian	[8, 10, 14, 17, 19, 21, 23, 25, 28, 30, 3, 4]	2	2013	0.75
Arlington	pedestrian	[8, 10, 14, 17, 19, 21, 23, 25, 28, 30, 3, 4]	3	2013	0.89
Arlington	pedestrian	[8, 10, 14, 17, 19, 21, 23, 25, 28, 30, 3, 4]	4	2013	1.16
Arlington	pedestrian	[8, 10, 14, 17, 19, 21, 23, 25, 28, 30, 3, 4]	5	2013	1.08
Arlington	pedestrian	[8, 10, 14, 17, 19, 21, 23, 25, 28, 30, 3, 4]	6	2013	1.15
Arlington	pedestrian	[8, 10, 14, 17, 19, 21, 23, 25, 28, 30, 3, 4]	7	2013	1.03
Arlington	pedestrian	[8, 10, 14, 17, 19, 21, 23, 25, 28, 30, 3, 4]	8	2013	1.18
Arlington	pedestrian	[8, 10, 14, 17, 19, 21, 23, 25, 28, 30, 3, 4]	9	2013	1.31
Arlington	pedestrian	[8, 10, 14, 17, 19, 21, 23, 25, 28, 30, 3, 4]	10	2013	1.13
Arlington	pedestrian	[8, 10, 14, 17, 19, 21, 23, 25, 28, 30, 3, 4]	11	2013	0.93
Arlington	pedestrian	[8, 10, 14, 17, 19, 21, 23, 25, 28, 30, 3, 4]	12	2013	0.66
Arlington	pedestrian	[8, 10, 14, 17, 19, 21, 23, 25, 28, 30, 3, 4]	1	2014	0.49
Arlington	pedestrian	[8, 10, 14, 17, 19, 21, 23, 25, 28, 30, 3, 4]	2	2014	0.66
Arlington	pedestrian	[8, 10, 14, 17, 19, 21, 23, 25, 28, 30, 3, 4]	3	2014	0.79
Arlington	pedestrian	[8, 10, 14, 17, 19, 21, 23, 25, 28, 30, 3, 4]	4	2014	1.15
Arlington	pedestrian	[8, 10, 14, 17, 19, 21, 23, 25, 28, 30, 3, 4]	5	2014	1.35
Arlington	pedestrian	[8, 10, 14, 17, 19, 21, 23, 25, 28, 30, 3, 4]	6	2014	1.23
Arlington	pedestrian	[8, 10, 14, 17, 19, 21, 23, 25, 28, 30, 3, 4]	7	2014	1.20
Arlington	pedestrian	[8, 10, 14, 17, 19, 21, 23, 25, 28, 30, 3, 4]	8	2014	1.23
Arlington	pedestrian	[8, 10, 14, 17, 19, 21, 23, 25, 28, 30, 3, 4]	9	2014	1.25
Arlington	pedestrian	[8, 10, 14, 17, 19, 21, 23, 25, 28, 30, 3, 4]	10	2014	1.11
Arlington	pedestrian	[8, 10, 14, 17, 19, 21, 23, 25, 28, 30, 3, 4]	11	2014	0.81
Arlington	pedestrian	[8, 10, 14, 17, 19, 21, 23, 25, 28, 30, 3, 4]	12	2014	0.64
Arlington	pedestrian	[8, 10, 14, 17, 19, 21, 23, 25, 28, 30, 3, 4]	1	2015	0.57
Arlington	pedestrian	[8, 10, 14, 17, 19, 21, 23, 25, 28, 30, 3, 4]	2	2015	0.54
Arlington	pedestrian	[8, 10, 14, 17, 19, 21, 23, 25, 28, 30, 3, 4]	3	2015	0.90
Arlington	pedestrian	[8, 10, 14, 17, 19, 21, 23, 25, 28, 30, 3, 4]	4	2015	1.25
Arlington	pedestrian	[8, 10, 14, 17, 19, 21, 23, 25, 28, 30, 3, 4]	5	2015	1.32
Arlington	pedestrian	[8, 10, 14, 17, 19, 21, 23, 25, 28, 30, 3, 4]	6	2015	1.15
Arlington	pedestrian	[8, 10, 14, 17, 19, 21, 23, 25, 28, 30, 3, 4]	7	2015	1.19
Arlington	pedestrian	[8, 10, 14, 17, 19, 21, 23, 25, 28, 30, 3, 4]	8	2015	1.21
Arlington	pedestrian	[8, 10, 14, 17, 19, 21, 23, 25, 28, 30, 3, 4]	9	2015	1.18
Arlington	pedestrian	[8, 10, 14, 17, 19, 21, 23, 25, 28, 30, 3, 4]	10	2015	1.08
Arlington	pedestrian	[8, 10, 14, 17, 19, 21, 23, 25, 28, 30, 3, 4]	11	2015	0.87
Arlington	pedestrian	[8, 10, 14, 17, 19, 21, 23, 25, 28, 30, 3, 4]	12	2015	0.78
Arlington	pedestrian	[8, 10, 14, 17, 19, 21, 23, 25, 28, 30, 3, 4]	1	2016	0.58
Arlington	pedestrian	[8, 10, 14, 17, 19, 21, 23, 25, 28, 30, 3, 4]	2	2016	0.71
Arlington	pedestrian	[8, 10, 14, 17, 19, 21, 23, 25, 28, 30, 3, 4]	3	2016	1.10
Arlington	pedestrian	[8, 10, 14, 17, 19, 21, 23, 25, 28, 30, 3, 4]	4	2016	1.21
Arlington	pedestrian	[8, 10, 14, 17, 19, 21, 23, 25, 28, 30, 3, 4]	5	2016	1.12
Arlington	pedestrian	[8, 10, 14, 17, 19, 21, 23, 25, 28, 30, 3, 4]	6	2016	1.26
Arlington	pedestrian	[8, 10, 14, 17, 19, 21, 23, 25, 28, 30, 3, 4]	7	2016	1.04
Arlington	pedestrian	[8, 10, 14, 17, 19, 21, 23, 25, 28, 30, 3, 4]	8	2016	1.01
Arlington	pedestrian	[8, 10, 14, 17, 19, 21, 23, 25, 28, 30, 3, 4]	9	2016	1.15
Arlington	pedestrian	[8, 10, 14, 17, 19, 21, 23, 25, 28, 30, 3, 4]	10	2016	1.20
Arlington	pedestrian	[8, 10, 14, 17, 19, 21, 23, 25, 28, 30, 3, 4]	11	2016	0.98
Arlington	pedestrian	[8, 10, 14, 17, 19, 21, 23, 25, 28, 30, 3, 4]	12	2016	0.64
Boulder	bicycle	[77, 78, 79, 80, 82, 83, 84, 85, 86, 87, 88, 89, 90, 91, 92, 93, 94, 95, 96, 97, 98, 99, 100, 101, 102, 81]	1	2002	0.54
Boulder	bicycle	[77, 78, 79, 80, 82, 83, 84, 85, 86, 87, 88, 89, 90, 91, 92, 93, 94, 95, 96, 97, 98, 99, 100, 101, 102, 81]	2	2002	0.63
Boulder	bicycle	[77, 78, 79, 80, 82, 83, 84, 85, 86, 87, 88, 89, 90, 91, 92, 93, 94, 95, 96, 97, 98, 99, 100, 101, 102, 81]	3	2002	0.72
Boulder	bicycle	[77, 78, 79, 80, 82, 83, 84, 85, 86, 87, 88, 89, 90, 91, 92, 93, 94, 95, 96, 97, 98, 99, 100, 101, 102, 81]	4	2002	1.40
Boulder	bicycle	[77, 78, 79, 80, 82, 83, 84, 85, 86, 87, 88, 89, 90, 91, 92, 93, 94, 95, 96, 97, 98, 99, 100, 101, 102, 81]	5	2002	1.36
Boulder	bicycle	[77, 78, 79, 80, 82, 83, 84, 85, 86, 87, 88, 89, 90, 91, 92, 93, 94, 95, 96, 97, 98, 99, 100, 101, 102, 81]	6	2002	1.67
Boulder	bicycle	[77, 78, 79, 80, 82, 83, 84, 85, 86, 87, 88, 89, 90, 91, 92, 93, 94, 95, 96, 97, 98, 99, 100, 101, 102, 81]	7	2002	1.53
Boulder	bicycle	[77, 78, 79, 80, 82, 83, 84, 85, 86, 87, 88, 89, 90, 91, 92, 93, 94, 95, 96, 97, 98, 99, 100, 101, 102, 81]	8	2002	1.31
Boulder	bicycle	[77, 78, 79, 80, 82, 83, 84, 85, 86, 87, 88, 89, 90, 91, 92, 93, 94, 95, 96, 97, 98, 99, 100, 101, 102, 81]	9	2002	1.15
Boulder	bicycle	[77, 78, 79, 80, 82, 83, 84, 85, 86, 87, 88, 89, 90, 91, 92, 93, 94, 95, 96, 97, 98, 99, 100, 101, 102, 81]	10	2002	0.78
Boulder	bicycle	[77, 78, 79, 80, 82, 83, 84, 85, 86, 87, 88, 89, 90, 91, 92, 93, 94, 95, 96, 97, 98, 99, 100, 101, 102, 81]	11	2002	0.55
Boulder	bicycle	[77, 78, 79, 80, 82, 83, 84, 85, 86, 87, 88, 89, 90, 91, 92, 93, 94, 95, 96, 97, 98, 99, 100, 101, 102, 81]	12	2002	0.49
Boulder	bicycle	[77, 78, 79, 80, 82, 83, 84, 85, 86, 87, 88, 89, 90, 91, 92, 93, 94, 95, 96, 97, 98, 99, 100, 101, 102, 81]	1	2003	0.77
Boulder	bicycle	[77, 78, 79, 80, 82, 83, 84, 85, 86, 87, 88, 89, 90, 91, 92, 93, 94, 95, 96, 97, 98, 99, 100, 101, 102, 81]	2	2003	0.57
Boulder	bicycle	[77, 78, 79, 80, 82, 83, 84, 85, 86, 87, 88, 89, 90, 91, 92, 93, 94, 95, 96, 97, 98, 99, 100, 101, 102, 81]	3	2003	0.62
Boulder	bicycle	[77, 78, 79, 80, 82, 83, 84, 85, 86, 87, 88, 89, 90, 91, 92, 93, 94, 95, 96, 97, 98, 99, 100, 101, 102, 81]	4	2003	0.97
Boulder	bicycle	[77, 78, 79, 80, 82, 83, 84, 85, 86, 87, 88, 89, 90, 91, 92, 93, 94, 95, 96, 97, 98, 99, 100, 101, 102, 81]	5	2003	1.28
Boulder	bicycle	[77, 78, 79, 80, 82, 83, 84, 85, 86, 87, 88, 89, 90, 91, 92, 93, 94, 95, 96, 97, 98, 99, 100, 101, 102, 81]	6	2003	2.03
Boulder	bicycle	[77, 78, 79, 80, 82, 83, 84, 85, 86, 87, 88, 89, 90, 91, 92, 93, 94, 95, 96, 97, 98, 99, 100, 101, 102, 81]	7	2003	1.29
Boulder	bicycle	[77, 78, 79, 80, 82, 83, 84, 85, 86, 87, 88, 89, 90, 91, 92, 93, 94, 95, 96, 97, 98, 99, 100, 101, 102, 81]	8	2003	1.29
Boulder	bicycle	[77, 78, 79, 80, 82, 83, 84, 85, 86, 87, 88, 89, 90, 91, 92, 93, 94, 95, 96, 97, 98, 99, 100, 101, 102, 81]	9	2003	1.22
Boulder	bicycle	[77, 78, 79, 80, 82, 83, 84, 85, 86, 87, 88, 89, 90, 91, 92, 93, 94, 95, 96, 97, 98, 99, 100, 101, 102, 81]	10	2003	1.00
Boulder	bicycle	[77, 78, 79, 80, 82, 83, 84, 85, 86, 87, 88, 89, 90, 91, 92, 93, 94, 95, 96, 97, 98, 99, 100, 101, 102, 81]	11	2003	0.65
Boulder	bicycle	[77, 78, 79, 80, 82, 83, 84, 85, 86, 87, 88, 89, 90, 91, 92, 93, 94, 95, 96, 97, 98, 99, 100, 101, 102, 81]	12	2003	0.49
Boulder	bicycle	[77, 78, 79, 80, 82, 83, 84, 85, 86, 87, 88, 89, 90, 91, 92, 93, 94, 95, 96, 97, 98, 99, 100, 101, 102, 81]	1	2004	0.50
Boulder	bicycle	[77, 78, 79, 80, 82, 83, 84, 85, 86, 87, 88, 89, 90, 91, 92, 93, 94, 95, 96, 97, 98, 99, 100, 101, 102, 81]	2	2004	0.51
Boulder	bicycle	[77, 78, 79, 80, 82, 83, 84, 85, 86, 87, 88, 89, 90, 91, 92, 93, 94, 95, 96, 97, 98, 99, 100, 101, 102, 81]	3	2004	0.75
Boulder	bicycle	[77, 78, 79, 80, 82, 83, 84, 85, 86, 87, 88, 89, 90, 91, 92, 93, 94, 95, 96, 97, 98, 99, 100, 101, 102, 81]	4	2004	0.89
Boulder	bicycle	[77, 78, 79, 80, 82, 83, 84, 85, 86, 87, 88, 89, 90, 91, 92, 93, 94, 95, 96, 97, 98, 99, 100, 101, 102, 81]	5	2004	1.29
Boulder	bicycle	[77, 78, 79, 80, 82, 83, 84, 85, 86, 87, 88, 89, 90, 91, 92, 93, 94, 95, 96, 97, 98, 99, 100, 101, 102, 81]	6	2004	1.43
Boulder	bicycle	[77, 78, 79, 80, 82, 83, 84, 85, 86, 87, 88, 89, 90, 91, 92, 93, 94, 95, 96, 97, 98, 99, 100, 101, 102, 81]	7	2004	1.59
Boulder	bicycle	[77, 78, 79, 80, 82, 83, 84, 85, 86, 87, 88, 89, 90, 91, 92, 93, 94, 95, 96, 97, 98, 99, 100, 101, 102, 81]	8	2004	1.53
Boulder	bicycle	[77, 78, 79, 80, 82, 83, 84, 85, 86, 87, 88, 89, 90, 91, 92, 93, 94, 95, 96, 97, 98, 99, 100, 101, 102, 81]	9	2004	1.35
Boulder	bicycle	[77, 78, 79, 80, 82, 83, 84, 85, 86, 87, 88, 89, 90, 91, 92, 93, 94, 95, 96, 97, 98, 99, 100, 101, 102, 81]	10	2004	1.09
Boulder	bicycle	[77, 78, 79, 80, 82, 83, 84, 85, 86, 87, 88, 89, 90, 91, 92, 93, 94, 95, 96, 97, 98, 99, 100, 101, 102, 81]	11	2004	0.73
Boulder	bicycle	[77, 78, 79, 80, 82, 83, 84, 85, 86, 87, 88, 89, 90, 91, 92, 93, 94, 95, 96, 97, 98, 99, 100, 101, 102, 81]	12	2004	0.46
Boulder	bicycle	[77, 78, 79, 80, 82, 83, 84, 85, 86, 87, 88, 89, 90, 91, 92, 93, 94, 95, 96, 97, 98, 99, 100, 101, 102, 81]	1	2007	0.32
Boulder	bicycle	[77, 78, 79, 80, 82, 83, 84, 85, 86, 87, 88, 89, 90, 91, 92, 93, 94, 95, 96, 97, 98, 99, 100, 101, 102, 81]	2	2007	0.42
Boulder	bicycle	[77, 78, 79, 80, 82, 83, 84, 85, 86, 87, 88, 89, 90, 91, 92, 93, 94, 95, 96, 97, 98, 99, 100, 101, 102, 81]	3	2007	0.71
Boulder	bicycle	[77, 78, 79, 80, 82, 83, 84, 85, 86, 87, 88, 89, 90, 91, 92, 93, 94, 95, 96, 97, 98, 99, 100, 101, 102, 81]	4	2007	0.77
Boulder	bicycle	[77, 78, 79, 80, 82, 83, 84, 85, 86, 87, 88, 89, 90, 91, 92, 93, 94, 95, 96, 97, 98, 99, 100, 101, 102, 81]	5	2007	1.16
Boulder	bicycle	[77, 78, 79, 80, 82, 83, 84, 85, 86, 87, 88, 89, 90, 91, 92, 93, 94, 95, 96, 97, 98, 99, 100, 101, 102, 81]	6	2007	1.44
Boulder	bicycle	[77, 78, 79, 80, 82, 83, 84, 85, 86, 87, 88, 89, 90, 91, 92, 93, 94, 95, 96, 97, 98, 99, 100, 101, 102, 81]	7	2007	1.58
Boulder	bicycle	[77, 78, 79, 80, 82, 83, 84, 85, 86, 87, 88, 89, 90, 91, 92, 93, 94, 95, 96, 97, 98, 99, 100, 101, 102, 81]	8	2007	1.57
Boulder	bicycle	[77, 78, 79, 80, 82, 83, 84, 85, 86, 87, 88, 89, 90, 91, 92, 93, 94, 95, 96, 97, 98, 99, 100, 101, 102, 81]	9	2007	1.40
Boulder	bicycle	[77, 78, 79, 80, 82, 83, 84, 85, 86, 87, 88, 89, 90, 91, 92, 93, 94, 95, 96, 97, 98, 99, 100, 101, 102, 81]	10	2007	1.18
Boulder	bicycle	[77, 78, 79, 80, 82, 83, 84, 85, 86, 87, 88, 89, 90, 91, 92, 93, 94, 95, 96, 97, 98, 99, 100, 101, 102, 81]	11	2007	1.04
Boulder	bicycle	[77, 78, 79, 80, 82, 83, 84, 85, 86, 87, 88, 89, 90, 91, 92, 93, 94, 95, 96, 97, 98, 99, 100, 101, 102, 81]	12	2007	0.54
Boulder	bicycle	[77, 78, 79, 80, 82, 83, 84, 85, 86, 87, 88, 89, 90, 91, 92, 93, 94, 95, 96, 97, 98, 99, 100, 101, 102, 81]	1	2008	0.37
Boulder	bicycle	[77, 78, 79, 80, 82, 83, 84, 85, 86, 87, 88, 89, 90, 91, 92, 93, 94, 95, 96, 97, 98, 99, 100, 101, 102, 81]	2	2008	1.26
Boulder	bicycle	[77, 78, 79, 80, 82, 83, 84, 85, 86, 87, 88, 89, 90, 91, 92, 93, 94, 95, 96, 97, 98, 99, 100, 101, 102, 81]	3	2008	0.51
Boulder	bicycle	[77, 78, 79, 80, 82, 83, 84, 85, 86, 87, 88, 89, 90, 91, 92, 93, 94, 95, 96, 97, 98, 99, 100, 101, 102, 81]	4	2008	0.79
Boulder	bicycle	[77, 78, 79, 80, 82, 83, 84, 85, 86, 87, 88, 89, 90, 91, 92, 93, 94, 95, 96, 97, 98, 99, 100, 101, 102, 81]	5	2008	0.91
Boulder	bicycle	[77, 78, 79, 80, 82, 83, 84, 85, 86, 87, 88, 89, 90, 91, 92, 93, 94, 95, 96, 97, 98, 99, 100, 101, 102, 81]	6	2008	1.47
Boulder	bicycle	[77, 78, 79, 80, 82, 83, 84, 85, 86, 87, 88, 89, 90, 91, 92, 93, 94, 95, 96, 97, 98, 99, 100, 101, 102, 81]	7	2008	1.50
Boulder	bicycle	[77, 78, 79, 80, 82, 83, 84, 85, 86, 87, 88, 89, 90, 91, 92, 93, 94, 95, 96, 97, 98, 99, 100, 101, 102, 81]	8	2008	1.48
Boulder	bicycle	[77, 78, 79, 80, 82, 83, 84, 85, 86, 87, 88, 89, 90, 91, 92, 93, 94, 95, 96, 97, 98, 99, 100, 101, 102, 81]	9	2008	1.26
Boulder	bicycle	[77, 78, 79, 80, 82, 83, 84, 85, 86, 87, 88, 89, 90, 91, 92, 93, 94, 95, 96, 97, 98, 99, 100, 101, 102, 81]	10	2008	1.12
Boulder	bicycle	[77, 78, 79, 80, 82, 83, 84, 85, 86, 87, 88, 89, 90, 91, 92, 93, 94, 95, 96, 97, 98, 99, 100, 101, 102, 81]	11	2008	0.96
Boulder	bicycle	[77, 78, 79, 80, 82, 83, 84, 85, 86, 87, 88, 89, 90, 91, 92, 93, 94, 95, 96, 97, 98, 99, 100, 101, 102, 81]	12	2008	0.56
Boulder	bicycle	[77, 78, 79, 80, 82, 83, 84, 85, 86, 87, 88, 89, 90, 91, 92, 93, 94, 95, 96, 97, 98, 99, 100, 101, 102, 81]	1	2010	0.63
Boulder	bicycle	[77, 78, 79, 80, 82, 83, 84, 85, 86, 87, 88, 89, 90, 91, 92, 93, 94, 95, 96, 97, 98, 99, 100, 101, 102, 81]	2	2010	0.44
Boulder	bicycle	[77, 78, 79, 80, 82, 83, 84, 85, 86, 87, 88, 89, 90, 91, 92, 93, 94, 95, 96, 97, 98, 99, 100, 101, 102, 81]	3	2010	0.73
Boulder	bicycle	[77, 78, 79, 80, 82, 83, 84, 85, 86, 87, 88, 89, 90, 91, 92, 93, 94, 95, 96, 97, 98, 99, 100, 101, 102, 81]	4	2010	0.87
Boulder	bicycle	[77, 78, 79, 80, 82, 83, 84, 85, 86, 87, 88, 89, 90, 91, 92, 93, 94, 95, 96, 97, 98, 99, 100, 101, 102, 81]	5	2010	0.96
Boulder	bicycle	[77, 78, 79, 80, 82, 83, 84, 85, 86, 87, 88, 89, 90, 91, 92, 93, 94, 95, 96, 97, 98, 99, 100, 101, 102, 81]	6	2010	1.59
Boulder	bicycle	[77, 78, 79, 80, 82, 83, 84, 85, 86, 87, 88, 89, 90, 91, 92, 93, 94, 95, 96, 97, 98, 99, 100, 101, 102, 81]	7	2010	1.52
Boulder	bicycle	[77, 78, 79, 80, 82, 83, 84, 85, 86, 87, 88, 89, 90, 91, 92, 93, 94, 95, 96, 97, 98, 99, 100, 101, 102, 81]	8	2010	1.55
Boulder	bicycle	[77, 78, 79, 80, 82, 83, 84, 85, 86, 87, 88, 89, 90, 91, 92, 93, 94, 95, 96, 97, 98, 99, 100, 101, 102, 81]	9	2010	1.33
Boulder	bicycle	[77, 78, 79, 80, 82, 83, 84, 85, 86, 87, 88, 89, 90, 91, 92, 93, 94, 95, 96, 97, 98, 99, 100, 101, 102, 81]	10	2010	1.10
Boulder	bicycle	[77, 78, 79, 80, 82, 83, 84, 85, 86, 87, 88, 89, 90, 91, 92, 93, 94, 95, 96, 97, 98, 99, 100, 101, 102, 81]	11	2010	0.89
Boulder	bicycle	[77, 78, 79, 80, 82, 83, 84, 85, 86, 87, 88, 89, 90, 91, 92, 93, 94, 95, 96, 97, 98, 99, 100, 101, 102, 81]	12	2010	0.64
Boulder	bicycle	[77, 78, 79, 80, 82, 83, 84, 85, 86, 87, 88, 89, 90, 91, 92, 93, 94, 95, 96, 97, 98, 99, 100, 101, 102, 81]	1	2011	0.39
Boulder	bicycle	[77, 78, 79, 80, 82, 83, 84, 85, 86, 87, 88, 89, 90, 91, 92, 93, 94, 95, 96, 97, 98, 99, 100, 101, 102, 81]	2	2011	0.44
Boulder	bicycle	[77, 78, 79, 80, 82, 83, 84, 85, 86, 87, 88, 89, 90, 91, 92, 93, 94, 95, 96, 97, 98, 99, 100, 101, 102, 81]	3	2011	0.74
Boulder	bicycle	[77, 78, 79, 80, 82, 83, 84, 85, 86, 87, 88, 89, 90, 91, 92, 93, 94, 95, 96, 97, 98, 99, 100, 101, 102, 81]	4	2011	1.01
Boulder	bicycle	[77, 78, 79, 80, 82, 83, 84, 85, 86, 87, 88, 89, 90, 91, 92, 93, 94, 95, 96, 97, 98, 99, 100, 101, 102, 81]	5	2011	1.16
Boulder	bicycle	[77, 78, 79, 80, 82, 83, 84, 85, 86, 87, 88, 89, 90, 91, 92, 93, 94, 95, 96, 97, 98, 99, 100, 101, 102, 81]	6	2011	1.64
Boulder	bicycle	[77, 78, 79, 80, 82, 83, 84, 85, 86, 87, 88, 89, 90, 91, 92, 93, 94, 95, 96, 97, 98, 99, 100, 101, 102, 81]	7	2011	1.17
Boulder	bicycle	[77, 78, 79, 80, 82, 83, 84, 85, 86, 87, 88, 89, 90, 91, 92, 93, 94, 95, 96, 97, 98, 99, 100, 101, 102, 81]	8	2011	1.69
Boulder	bicycle	[77, 78, 79, 80, 82, 83, 84, 85, 86, 87, 88, 89, 90, 91, 92, 93, 94, 95, 96, 97, 98, 99, 100, 101, 102, 81]	9	2011	1.78
Boulder	bicycle	[77, 78, 79, 80, 82, 83, 84, 85, 86, 87, 88, 89, 90, 91, 92, 93, 94, 95, 96, 97, 98, 99, 100, 101, 102, 81]	10	2011	1.08
Boulder	bicycle	[77, 78, 79, 80, 82, 83, 84, 85, 86, 87, 88, 89, 90, 91, 92, 93, 94, 95, 96, 97, 98, 99, 100, 101, 102, 81]	11	2011	0.85
Boulder	bicycle	[77, 78, 79, 80, 82, 83, 84, 85, 86, 87, 88, 89, 90, 91, 92, 93, 94, 95, 96, 97, 98, 99, 100, 101, 102, 81]	12	2011	0.35
Boulder	bicycle	[77, 78, 79, 80, 82, 83, 84, 85, 86, 87, 88, 89, 90, 91, 92, 93, 94, 95, 96, 97, 98, 99, 100, 101, 102, 81]	1	2012	0.50
Boulder	bicycle	[77, 78, 79, 80, 82, 83, 84, 85, 86, 87, 88, 89, 90, 91, 92, 93, 94, 95, 96, 97, 98, 99, 100, 101, 102, 81]	2	2012	0.41
Boulder	bicycle	[77, 78, 79, 80, 82, 83, 84, 85, 86, 87, 88, 89, 90, 91, 92, 93, 94, 95, 96, 97, 98, 99, 100, 101, 102, 81]	3	2012	0.93
Boulder	bicycle	[77, 78, 79, 80, 82, 83, 84, 85, 86, 87, 88, 89, 90, 91, 92, 93, 94, 95, 96, 97, 98, 99, 100, 101, 102, 81]	4	2012	1.19
Boulder	bicycle	[77, 78, 79, 80, 82, 83, 84, 85, 86, 87, 88, 89, 90, 91, 92, 93, 94, 95, 96, 97, 98, 99, 100, 101, 102, 81]	5	2012	1.20
Boulder	bicycle	[77, 78, 79, 80, 82, 83, 84, 85, 86, 87, 88, 89, 90, 91, 92, 93, 94, 95, 96, 97, 98, 99, 100, 101, 102, 81]	6	2012	1.38
Boulder	bicycle	[77, 78, 79, 80, 82, 83, 84, 85, 86, 87, 88, 89, 90, 91, 92, 93, 94, 95, 96, 97, 98, 99, 100, 101, 102, 81]	7	2012	1.35
Boulder	bicycle	[77, 78, 79, 80, 82, 83, 84, 85, 86, 87, 88, 89, 90, 91, 92, 93, 94, 95, 96, 97, 98, 99, 100, 101, 102, 81]	8	2012	1.48
Boulder	bicycle	[77, 78, 79, 80, 82, 83, 84, 85, 86, 87, 88, 89, 90, 91, 92, 93, 94, 95, 96, 97, 98, 99, 100, 101, 102, 81]	9	2012	1.39
Boulder	bicycle	[77, 78, 79, 80, 82, 83, 84, 85, 86, 87, 88, 89, 90, 91, 92, 93, 94, 95, 96, 97, 98, 99, 100, 101, 102, 81]	10	2012	0.97
Boulder	bicycle	[77, 78, 79, 80, 82, 83, 84, 85, 86, 87, 88, 89, 90, 91, 92, 93, 94, 95, 96, 97, 98, 99, 100, 101, 102, 81]	11	2012	0.84
Boulder	bicycle	[77, 78, 79, 80, 82, 83, 84, 85, 86, 87, 88, 89, 90, 91, 92, 93, 94, 95, 96, 97, 98, 99, 100, 101, 102, 81]	12	2012	0.56
Boulder	bicycle	[77, 78, 79, 80, 82, 83, 84, 85, 86, 87, 88, 89, 90, 91, 92, 93, 94, 95, 96, 97, 98, 99, 100, 101, 102, 81]	1	2013	0.57
Boulder	bicycle	[77, 78, 79, 80, 82, 83, 84, 85, 86, 87, 88, 89, 90, 91, 92, 93, 94, 95, 96, 97, 98, 99, 100, 101, 102, 81]	2	2013	0.54
Boulder	bicycle	[77, 78, 79, 80, 82, 83, 84, 85, 86, 87, 88, 89, 90, 91, 92, 93, 94, 95, 96, 97, 98, 99, 100, 101, 102, 81]	3	2013	0.68
Boulder	bicycle	[77, 78, 79, 80, 82, 83, 84, 85, 86, 87, 88, 89, 90, 91, 92, 93, 94, 95, 96, 97, 98, 99, 100, 101, 102, 81]	4	2013	0.85
Boulder	bicycle	[77, 78, 79, 80, 82, 83, 84, 85, 86, 87, 88, 89, 90, 91, 92, 93, 94, 95, 96, 97, 98, 99, 100, 101, 102, 81]	5	2013	1.30
Boulder	bicycle	[77, 78, 79, 80, 82, 83, 84, 85, 86, 87, 88, 89, 90, 91, 92, 93, 94, 95, 96, 97, 98, 99, 100, 101, 102, 81]	6	2013	1.66
Boulder	bicycle	[77, 78, 79, 80, 82, 83, 84, 85, 86, 87, 88, 89, 90, 91, 92, 93, 94, 95, 96, 97, 98, 99, 100, 101, 102, 81]	7	2013	1.61
Boulder	bicycle	[77, 78, 79, 80, 82, 83, 84, 85, 86, 87, 88, 89, 90, 91, 92, 93, 94, 95, 96, 97, 98, 99, 100, 101, 102, 81]	8	2013	1.63
Boulder	bicycle	[77, 78, 79, 80, 82, 83, 84, 85, 86, 87, 88, 89, 90, 91, 92, 93, 94, 95, 96, 97, 98, 99, 100, 101, 102, 81]	9	2013	1.09
Boulder	bicycle	[77, 78, 79, 80, 82, 83, 84, 85, 86, 87, 88, 89, 90, 91, 92, 93, 94, 95, 96, 97, 98, 99, 100, 101, 102, 81]	10	2013	0.99
Boulder	bicycle	[77, 78, 79, 80, 82, 83, 84, 85, 86, 87, 88, 89, 90, 91, 92, 93, 94, 95, 96, 97, 98, 99, 100, 101, 102, 81]	11	2013	0.82
Boulder	bicycle	[77, 78, 79, 80, 82, 83, 84, 85, 86, 87, 88, 89, 90, 91, 92, 93, 94, 95, 96, 97, 98, 99, 100, 101, 102, 81]	12	2013	0.36
Boulder	bicycle	[77, 78, 79, 80, 82, 83, 84, 85, 86, 87, 88, 89, 90, 91, 92, 93, 94, 95, 96, 97, 98, 99, 100, 101, 102, 81]	1	2014	0.53
Boulder	bicycle	[77, 78, 79, 80, 82, 83, 84, 85, 86, 87, 88, 89, 90, 91, 92, 93, 94, 95, 96, 97, 98, 99, 100, 101, 102, 81]	2	2014	0.56
Boulder	bicycle	[77, 78, 79, 80, 82, 83, 84, 85, 86, 87, 88, 89, 90, 91, 92, 93, 94, 95, 96, 97, 98, 99, 100, 101, 102, 81]	3	2014	0.89
Boulder	bicycle	[77, 78, 79, 80, 82, 83, 84, 85, 86, 87, 88, 89, 90, 91, 92, 93, 94, 95, 96, 97, 98, 99, 100, 101, 102, 81]	4	2014	1.26
Boulder	bicycle	[77, 78, 79, 80, 82, 83, 84, 85, 86, 87, 88, 89, 90, 91, 92, 93, 94, 95, 96, 97, 98, 99, 100, 101, 102, 81]	5	2014	0.97
Boulder	bicycle	[77, 78, 79, 80, 82, 83, 84, 85, 86, 87, 88, 89, 90, 91, 92, 93, 94, 95, 96, 97, 98, 99, 100, 101, 102, 81]	6	2014	1.21
Boulder	bicycle	[77, 78, 79, 80, 82, 83, 84, 85, 86, 87, 88, 89, 90, 91, 92, 93, 94, 95, 96, 97, 98, 99, 100, 101, 102, 81]	7	2014	1.04
Boulder	bicycle	[77, 78, 79, 80, 82, 83, 84, 85, 86, 87, 88, 89, 90, 91, 92, 93, 94, 95, 96, 97, 98, 99, 100, 101, 102, 81]	8	2014	1.27
Boulder	bicycle	[77, 78, 79, 80, 82, 83, 84, 85, 86, 87, 88, 89, 90, 91, 92, 93, 94, 95, 96, 97, 98, 99, 100, 101, 102, 81]	9	2014	1.50
Boulder	bicycle	[77, 78, 79, 80, 82, 83, 84, 85, 86, 87, 88, 89, 90, 91, 92, 93, 94, 95, 96, 97, 98, 99, 100, 101, 102, 81]	10	2014	1.61
Boulder	bicycle	[77, 78, 79, 80, 82, 83, 84, 85, 86, 87, 88, 89, 90, 91, 92, 93, 94, 95, 96, 97, 98, 99, 100, 101, 102, 81]	11	2014	0.87
Boulder	bicycle	[77, 78, 79, 80, 82, 83, 84, 85, 86, 87, 88, 89, 90, 91, 92, 93, 94, 95, 96, 97, 98, 99, 100, 101, 102, 81]	12	2014	0.67
Boulder	bicycle	[77, 78, 79, 80, 82, 83, 84, 85, 86, 87, 88, 89, 90, 91, 92, 93, 94, 95, 96, 97, 98, 99, 100, 101, 102, 81]	1	2015	0.35
Boulder	bicycle	[77, 78, 79, 80, 82, 83, 84, 85, 86, 87, 88, 89, 90, 91, 92, 93, 94, 95, 96, 97, 98, 99, 100, 101, 102, 81]	2	2015	0.53
Boulder	bicycle	[77, 78, 79, 80, 82, 83, 84, 85, 86, 87, 88, 89, 90, 91, 92, 93, 94, 95, 96, 97, 98, 99, 100, 101, 102, 81]	3	2015	0.80
Boulder	bicycle	[77, 78, 79, 80, 82, 83, 84, 85, 86, 87, 88, 89, 90, 91, 92, 93, 94, 95, 96, 97, 98, 99, 100, 101, 102, 81]	4	2015	1.01
Boulder	bicycle	[77, 78, 79, 80, 82, 83, 84, 85, 86, 87, 88, 89, 90, 91, 92, 93, 94, 95, 96, 97, 98, 99, 100, 101, 102, 81]	5	2015	0.82
Boulder	bicycle	[77, 78, 79, 80, 82, 83, 84, 85, 86, 87, 88, 89, 90, 91, 92, 93, 94, 95, 96, 97, 98, 99, 100, 101, 102, 81]	6	2015	1.33
Boulder	bicycle	[77, 78, 79, 80, 82, 83, 84, 85, 86, 87, 88, 89, 90, 91, 92, 93, 94, 95, 96, 97, 98, 99, 100, 101, 102, 81]	7	2015	1.26
Boulder	bicycle	[77, 78, 79, 80, 82, 83, 84, 85, 86, 87, 88, 89, 90, 91, 92, 93, 94, 95, 96, 97, 98, 99, 100, 101, 102, 81]	8	2015	1.51
Boulder	bicycle	[77, 78, 79, 80, 82, 83, 84, 85, 86, 87, 88, 89, 90, 91, 92, 93, 94, 95, 96, 97, 98, 99, 100, 101, 102, 81]	9	2015	1.84
Boulder	bicycle	[77, 78, 79, 80, 82, 83, 84, 85, 86, 87, 88, 89, 90, 91, 92, 93, 94, 95, 96, 97, 98, 99, 100, 101, 102, 81]	10	2015	1.41
Boulder	bicycle	[77, 78, 79, 80, 82, 83, 84, 85, 86, 87, 88, 89, 90, 91, 92, 93, 94, 95, 96, 97, 98, 99, 100, 101, 102, 81]	11	2015	0.94
Boulder	bicycle	[77, 78, 79, 80, 82, 83, 84, 85, 86, 87, 88, 89, 90, 91, 92, 93, 94, 95, 96, 97, 98, 99, 100, 101, 102, 81]	12	2015	0.53
Boulder	bicycle	[77, 78, 79, 80, 82, 83, 84, 85, 86, 87, 88, 89, 90, 91, 92, 93, 94, 95, 96, 97, 98, 99, 100, 101, 102, 81]	1	2016	0.63
Boulder	bicycle	[77, 78, 79, 80, 82, 83, 84, 85, 86, 87, 88, 89, 90, 91, 92, 93, 94, 95, 96, 97, 98, 99, 100, 101, 102, 81]	2	2016	0.72
Boulder	bicycle	[77, 78, 79, 80, 82, 83, 84, 85, 86, 87, 88, 89, 90, 91, 92, 93, 94, 95, 96, 97, 98, 99, 100, 101, 102, 81]	3	2016	0.73
Boulder	bicycle	[77, 78, 79, 80, 82, 83, 84, 85, 86, 87, 88, 89, 90, 91, 92, 93, 94, 95, 96, 97, 98, 99, 100, 101, 102, 81]	4	2016	1.01
Boulder	bicycle	[77, 78, 79, 80, 82, 83, 84, 85, 86, 87, 88, 89, 90, 91, 92, 93, 94, 95, 96, 97, 98, 99, 100, 101, 102, 81]	5	2016	1.04
Boulder	bicycle	[77, 78, 79, 80, 82, 83, 84, 85, 86, 87, 88, 89, 90, 91, 92, 93, 94, 95, 96, 97, 98, 99, 100, 101, 102, 81]	6	2016	1.25
Boulder	bicycle	[77, 78, 79, 80, 82, 83, 84, 85, 86, 87, 88, 89, 90, 91, 92, 93, 94, 95, 96, 97, 98, 99, 100, 101, 102, 81]	7	2016	1.24
Boulder	bicycle	[77, 78, 79, 80, 82, 83, 84, 85, 86, 87, 88, 89, 90, 91, 92, 93, 94, 95, 96, 97, 98, 99, 100, 101, 102, 81]	8	2016	1.35
Boulder	bicycle	[77, 78, 79, 80, 82, 83, 84, 85, 86, 87, 88, 89, 90, 91, 92, 93, 94, 95, 96, 97, 98, 99, 100, 101, 102, 81]	9	2016	1.54
Boulder	bicycle	[77, 78, 79, 80, 82, 83, 84, 85, 86, 87, 88, 89, 90, 91, 92, 93, 94, 95, 96, 97, 98, 99, 100, 101, 102, 81]	10	2016	1.29
Boulder	bicycle	[77, 78, 79, 80, 82, 83, 84, 85, 86, 87, 88, 89, 90, 91, 92, 93, 94, 95, 96, 97, 98, 99, 100, 101, 102, 81]	11	2016	1.03
Boulder	bicycle	[77, 78, 79, 80, 82, 83, 84, 85, 86, 87, 88, 89, 90, 91, 92, 93, 94, 95, 96, 97, 98, 99, 100, 101, 102, 81]	12	2016	0.40
MtVernon	bike-ped-combined	[196, 197, 198, 199, 200, 201, 202, 203, 204, 205]	1	2008	0.97
MtVernon	bike-ped-combined	[196, 197, 198, 199, 200, 201, 202, 203, 204, 205]	2	2008	1.42
MtVernon	bike-ped-combined	[196, 197, 198, 199, 200, 201, 202, 203, 204, 205]	3	2008	1.14
MtVernon	bike-ped-combined	[196, 197, 198, 199, 200, 201, 202, 203, 204, 205]	4	2008	1.16
MtVernon	bike-ped-combined	[196, 197, 198, 199, 200, 201, 202, 203, 204, 205]	5	2008	1.22
MtVernon	bike-ped-combined	[196, 197, 198, 199, 200, 201, 202, 203, 204, 205]	6	2008	1.05
MtVernon	bike-ped-combined	[196, 197, 198, 199, 200, 201, 202, 203, 204, 205]	7	2008	0.75
MtVernon	bike-ped-combined	[196, 197, 198, 199, 200, 201, 202, 203, 204, 205]	8	2008	0.61
MtVernon	bike-ped-combined	[196, 197, 198, 199, 200, 201, 202, 203, 204, 205]	9	2008	1.19
MtVernon	bike-ped-combined	[196, 197, 198, 199, 200, 201, 202, 203, 204, 205]	10	2008	0.98
MtVernon	bike-ped-combined	[196, 197, 198, 199, 200, 201, 202, 203, 204, 205]	11	2008	0.86
MtVernon	bike-ped-combined	[196, 197, 198, 199, 200, 201, 202, 203, 204, 205]	12	2008	0.77
MtVernon	bike-ped-combined	[196, 197, 198, 199, 200, 201, 202, 203, 204, 205]	1	2009	0.88
MtVernon	bike-ped-combined	[196, 197, 198, 199, 200, 201, 202, 203, 204, 205]	2	2009	0.88
MtVernon	bike-ped-combined	[196, 197, 198, 199, 200, 201, 202, 203, 204, 205]	3	2009	0.91
MtVernon	bike-ped-combined	[196, 197, 198, 199, 200, 201, 202, 203, 204, 205]	4	2009	1.54
MtVernon	bike-ped-combined	[196, 197, 198, 199, 200, 201, 202, 203, 204, 205]	5	2009	1.15
MtVernon	bike-ped-combined	[196, 197, 198, 199, 200, 201, 202, 203, 204, 205]	6	2009	1.36
MtVernon	bike-ped-combined	[196, 197, 198, 199, 200, 201, 202, 203, 204, 205]	7	2009	1.18
MtVernon	bike-ped-combined	[196, 197, 198, 199, 200, 201, 202, 203, 204, 205]	8	2009	0.96
MtVernon	bike-ped-combined	[196, 197, 198, 199, 200, 201, 202, 203, 204, 205]	9	2009	1.02
MtVernon	bike-ped-combined	[196, 197, 198, 199, 200, 201, 202, 203, 204, 205]	10	2009	0.89
MtVernon	bike-ped-combined	[196, 197, 198, 199, 200, 201, 202, 203, 204, 205]	11	2009	0.67
MtVernon	bike-ped-combined	[196, 197, 198, 199, 200, 201, 202, 203, 204, 205]	12	2009	0.54
MtVernon	bike-ped-combined	[196, 197, 198, 199, 200, 201, 202, 203, 204, 205]	1	2010	0.87
MtVernon	bike-ped-combined	[196, 197, 198, 199, 200, 201, 202, 203, 204, 205]	2	2010	1.06
MtVernon	bike-ped-combined	[196, 197, 198, 199, 200, 201, 202, 203, 204, 205]	3	2010	1.07
MtVernon	bike-ped-combined	[196, 197, 198, 199, 200, 201, 202, 203, 204, 205]	4	2010	1.36
MtVernon	bike-ped-combined	[196, 197, 198, 199, 200, 201, 202, 203, 204, 205]	5	2010	1.07
MtVernon	bike-ped-combined	[196, 197, 198, 199, 200, 201, 202, 203, 204, 205]	6	2010	1.10
MtVernon	bike-ped-combined	[196, 197, 198, 199, 200, 201, 202, 203, 204, 205]	7	2010	1.09
MtVernon	bike-ped-combined	[196, 197, 198, 199, 200, 201, 202, 203, 204, 205]	8	2010	1.08
MtVernon	bike-ped-combined	[196, 197, 198, 199, 200, 201, 202, 203, 204, 205]	9	2010	1.01
MtVernon	bike-ped-combined	[196, 197, 198, 199, 200, 201, 202, 203, 204, 205]	10	2010	0.90
MtVernon	bike-ped-combined	[196, 197, 198, 199, 200, 201, 202, 203, 204, 205]	11	2010	0.70
MtVernon	bike-ped-combined	[196, 197, 198, 199, 200, 201, 202, 203, 204, 205]	12	2010	0.58
MtVernon	bike-ped-combined	[196, 197, 198, 199, 200, 201, 202, 203, 204, 205]	1	2011	0.76
MtVernon	bike-ped-combined	[196, 197, 198, 199, 200, 201, 202, 203, 204, 205]	2	2011	2.03
MtVernon	bike-ped-combined	[196, 197, 198, 199, 200, 201, 202, 203, 204, 205]	3	2011	0.98
MtVernon	bike-ped-combined	[196, 197, 198, 199, 200, 201, 202, 203, 204, 205]	4	2011	1.28
MtVernon	bike-ped-combined	[196, 197, 198, 199, 200, 201, 202, 203, 204, 205]	5	2011	1.11
MtVernon	bike-ped-combined	[196, 197, 198, 199, 200, 201, 202, 203, 204, 205]	6	2011	0.87
MtVernon	bike-ped-combined	[196, 197, 198, 199, 200, 201, 202, 203, 204, 205]	7	2011	0.96
MtVernon	bike-ped-combined	[196, 197, 198, 199, 200, 201, 202, 203, 204, 205]	8	2011	0.92
MtVernon	bike-ped-combined	[196, 197, 198, 199, 200, 201, 202, 203, 204, 205]	9	2011	0.77
MtVernon	bike-ped-combined	[196, 197, 198, 199, 200, 201, 202, 203, 204, 205]	10	2011	0.83
MtVernon	bike-ped-combined	[196, 197, 198, 199, 200, 201, 202, 203, 204, 205]	11	2011	0.91
MtVernon	bike-ped-combined	[196, 197, 198, 199, 200, 201, 202, 203, 204, 205]	12	2011	0.71
Portland	bicycle	[105, 145, 146, 147, 112, 121, 128, 129, 130, 131, 132, 133, 134, 135, 136, 137, 139, 140, 141, 142, 143, 144, 149, 155, 156, 157, 159, 160, 161, 162, 163, 164, 166, 1, 232]	1	2012	0.79
Portland	bicycle	[105, 145, 146, 147, 112, 121, 128, 129, 130, 131, 132, 133, 134, 135, 136, 137, 139, 140, 141, 142, 143, 144, 149, 155, 156, 157, 159, 160, 161, 162, 163, 164, 166, 1, 232]	2	2012	0.89
Portland	bicycle	[105, 145, 146, 147, 112, 121, 128, 129, 130, 131, 132, 133, 134, 135, 136, 137, 139, 140, 141, 142, 143, 144, 149, 155, 156, 157, 159, 160, 161, 162, 163, 164, 166, 1, 232]	3	2012	0.76
Portland	bicycle	[105, 145, 146, 147, 112, 121, 128, 129, 130, 131, 132, 133, 134, 135, 136, 137, 139, 140, 141, 142, 143, 144, 149, 155, 156, 157, 159, 160, 161, 162, 163, 164, 166, 1, 232]	4	2012	1.10
Portland	bicycle	[105, 145, 146, 147, 112, 121, 128, 129, 130, 131, 132, 133, 134, 135, 136, 137, 139, 140, 141, 142, 143, 144, 149, 155, 156, 157, 159, 160, 161, 162, 163, 164, 166, 1, 232]	5	2012	1.31
Portland	bicycle	[105, 145, 146, 147, 112, 121, 128, 129, 130, 131, 132, 133, 134, 135, 136, 137, 139, 140, 141, 142, 143, 144, 149, 155, 156, 157, 159, 160, 161, 162, 163, 164, 166, 1, 232]	6	2012	0.99
Portland	bicycle	[105, 145, 146, 147, 112, 121, 128, 129, 130, 131, 132, 133, 134, 135, 136, 137, 139, 140, 141, 142, 143, 144, 149, 155, 156, 157, 159, 160, 161, 162, 163, 164, 166, 1, 232]	7	2012	0.93
Portland	bicycle	[105, 145, 146, 147, 112, 121, 128, 129, 130, 131, 132, 133, 134, 135, 136, 137, 139, 140, 141, 142, 143, 144, 149, 155, 156, 157, 159, 160, 161, 162, 163, 164, 166, 1, 232]	8	2012	1.28
Portland	bicycle	[105, 145, 146, 147, 112, 121, 128, 129, 130, 131, 132, 133, 134, 135, 136, 137, 139, 140, 141, 142, 143, 144, 149, 155, 156, 157, 159, 160, 161, 162, 163, 164, 166, 1, 232]	9	2012	1.47
Portland	bicycle	[105, 145, 146, 147, 112, 121, 128, 129, 130, 131, 132, 133, 134, 135, 136, 137, 139, 140, 141, 142, 143, 144, 149, 155, 156, 157, 159, 160, 161, 162, 163, 164, 166, 1, 232]	10	2012	1.12
Portland	bicycle	[105, 145, 146, 147, 112, 121, 128, 129, 130, 131, 132, 133, 134, 135, 136, 137, 139, 140, 141, 142, 143, 144, 149, 155, 156, 157, 159, 160, 161, 162, 163, 164, 166, 1, 232]	11	2012	0.96
Portland	bicycle	[105, 145, 146, 147, 112, 121, 128, 129, 130, 131, 132, 133, 134, 135, 136, 137, 139, 140, 141, 142, 143, 144, 149, 155, 156, 157, 159, 160, 161, 162, 163, 164, 166, 1, 232]	12	2012	0.66
Portland	bicycle	[105, 145, 146, 147, 112, 121, 128, 129, 130, 131, 132, 133, 134, 135, 136, 137, 139, 140, 141, 142, 143, 144, 149, 155, 156, 157, 159, 160, 161, 162, 163, 164, 166, 1, 232]	1	2013	1.19
Portland	bicycle	[105, 145, 146, 147, 112, 121, 128, 129, 130, 131, 132, 133, 134, 135, 136, 137, 139, 140, 141, 142, 143, 144, 149, 155, 156, 157, 159, 160, 161, 162, 163, 164, 166, 1, 232]	2	2013	1.42
Portland	bicycle	[105, 145, 146, 147, 112, 121, 128, 129, 130, 131, 132, 133, 134, 135, 136, 137, 139, 140, 141, 142, 143, 144, 149, 155, 156, 157, 159, 160, 161, 162, 163, 164, 166, 1, 232]	3	2013	1.15
Portland	bicycle	[105, 145, 146, 147, 112, 121, 128, 129, 130, 131, 132, 133, 134, 135, 136, 137, 139, 140, 141, 142, 143, 144, 149, 155, 156, 157, 159, 160, 161, 162, 163, 164, 166, 1, 232]	4	2013	1.37
Portland	bicycle	[105, 145, 146, 147, 112, 121, 128, 129, 130, 131, 132, 133, 134, 135, 136, 137, 139, 140, 141, 142, 143, 144, 149, 155, 156, 157, 159, 160, 161, 162, 163, 164, 166, 1, 232]	5	2013	0.89
Portland	bicycle	[105, 145, 146, 147, 112, 121, 128, 129, 130, 131, 132, 133, 134, 135, 136, 137, 139, 140, 141, 142, 143, 144, 149, 155, 156, 157, 159, 160, 161, 162, 163, 164, 166, 1, 232]	6	2013	1.00
Portland	bicycle	[105, 145, 146, 147, 112, 121, 128, 129, 130, 131, 132, 133, 134, 135, 136, 137, 139, 140, 141, 142, 143, 144, 149, 155, 156, 157, 159, 160, 161, 162, 163, 164, 166, 1, 232]	7	2013	1.04
Portland	bicycle	[105, 145, 146, 147, 112, 121, 128, 129, 130, 131, 132, 133, 134, 135, 136, 137, 139, 140, 141, 142, 143, 144, 149, 155, 156, 157, 159, 160, 161, 162, 163, 164, 166, 1, 232]	8	2013	1.06
Portland	bicycle	[105, 145, 146, 147, 112, 121, 128, 129, 130, 131, 132, 133, 134, 135, 136, 137, 139, 140, 141, 142, 143, 144, 149, 155, 156, 157, 159, 160, 161, 162, 163, 164, 166, 1, 232]	9	2013	0.94
Portland	bicycle	[105, 145, 146, 147, 112, 121, 128, 129, 130, 131, 132, 133, 134, 135, 136, 137, 139, 140, 141, 142, 143, 144, 149, 155, 156, 157, 159, 160, 161, 162, 163, 164, 166, 1, 232]	10	2013	0.88
Portland	bicycle	[105, 145, 146, 147, 112, 121, 128, 129, 130, 131, 132, 133, 134, 135, 136, 137, 139, 140, 141, 142, 143, 144, 149, 155, 156, 157, 159, 160, 161, 162, 163, 164, 166, 1, 232]	11	2013	0.69
Portland	bicycle	[105, 145, 146, 147, 112, 121, 128, 129, 130, 131, 132, 133, 134, 135, 136, 137, 139, 140, 141, 142, 143, 144, 149, 155, 156, 157, 159, 160, 161, 162, 163, 164, 166, 1, 232]	12	2013	0.50
Portland	bicycle	[105, 145, 146, 147, 112, 121, 128, 129, 130, 131, 132, 133, 134, 135, 136, 137, 139, 140, 141, 142, 143, 144, 149, 155, 156, 157, 159, 160, 161, 162, 163, 164, 166, 1, 232]	1	2014	0.73
Portland	bicycle	[105, 145, 146, 147, 112, 121, 128, 129, 130, 131, 132, 133, 134, 135, 136, 137, 139, 140, 141, 142, 143, 144, 149, 155, 156, 157, 159, 160, 161, 162, 163, 164, 166, 1, 232]	2	2014	0.62
Portland	bicycle	[105, 145, 146, 147, 112, 121, 128, 129, 130, 131, 132, 133, 134, 135, 136, 137, 139, 140, 141, 142, 143, 144, 149, 155, 156, 157, 159, 160, 161, 162, 163, 164, 166, 1, 232]	3	2014	0.82
Portland	bicycle	[105, 145, 146, 147, 112, 121, 128, 129, 130, 131, 132, 133, 134, 135, 136, 137, 139, 140, 141, 142, 143, 144, 149, 155, 156, 157, 159, 160, 161, 162, 163, 164, 166, 1, 232]	4	2014	0.73
Portland	bicycle	[105, 145, 146, 147, 112, 121, 128, 129, 130, 131, 132, 133, 134, 135, 136, 137, 139, 140, 141, 142, 143, 144, 149, 155, 156, 157, 159, 160, 161, 162, 163, 164, 166, 1, 232]	5	2014	1.23
Portland	bicycle	[105, 145, 146, 147, 112, 121, 128, 129, 130, 131, 132, 133, 134, 135, 136, 137, 139, 140, 141, 142, 143, 144, 149, 155, 156, 157, 159, 160, 161, 162, 163, 164, 166, 1, 232]	6	2014	1.39
Portland	bicycle	[105, 145, 146, 147, 112, 121, 128, 129, 130, 131, 132, 133, 134, 135, 136, 137, 139, 140, 141, 142, 143, 144, 149, 155, 156, 157, 159, 160, 161, 162, 163, 164, 166, 1, 232]	7	2014	1.04
Portland	bicycle	[105, 145, 146, 147, 112, 121, 128, 129, 130, 131, 132, 133, 134, 135, 136, 137, 139, 140, 141, 142, 143, 144, 149, 155, 156, 157, 159, 160, 161, 162, 163, 164, 166, 1, 232]	8	2014	1.54
Portland	bicycle	[105, 145, 146, 147, 112, 121, 128, 129, 130, 131, 132, 133, 134, 135, 136, 137, 139, 140, 141, 142, 143, 144, 149, 155, 156, 157, 159, 160, 161, 162, 163, 164, 166, 1, 232]	9	2014	1.47
Portland	bicycle	[105, 145, 146, 147, 112, 121, 128, 129, 130, 131, 132, 133, 134, 135, 136, 137, 139, 140, 141, 142, 143, 144, 149, 155, 156, 157, 159, 160, 161, 162, 163, 164, 166, 1, 232]	10	2014	1.16
Portland	bicycle	[105, 145, 146, 147, 112, 121, 128, 129, 130, 131, 132, 133, 134, 135, 136, 137, 139, 140, 141, 142, 143, 144, 149, 155, 156, 157, 159, 160, 161, 162, 163, 164, 166, 1, 232]	11	2014	0.80
Portland	bicycle	[105, 145, 146, 147, 112, 121, 128, 129, 130, 131, 132, 133, 134, 135, 136, 137, 139, 140, 141, 142, 143, 144, 149, 155, 156, 157, 159, 160, 161, 162, 163, 164, 166, 1, 232]	12	2014	0.68
Portland	bicycle	[105, 145, 146, 147, 112, 121, 128, 129, 130, 131, 132, 133, 134, 135, 136, 137, 139, 140, 141, 142, 143, 144, 149, 155, 156, 157, 159, 160, 161, 162, 163, 164, 166, 1, 232]	1	2015	1.06
Portland	bicycle	[105, 145, 146, 147, 112, 121, 128, 129, 130, 131, 132, 133, 134, 135, 136, 137, 139, 140, 141, 142, 143, 144, 149, 155, 156, 157, 159, 160, 161, 162, 163, 164, 166, 1, 232]	2	2015	1.07
Portland	bicycle	[105, 145, 146, 147, 112, 121, 128, 129, 130, 131, 132, 133, 134, 135, 136, 137, 139, 140, 141, 142, 143, 144, 149, 155, 156, 157, 159, 160, 161, 162, 163, 164, 166, 1, 232]	3	2015	0.93
Portland	bicycle	[105, 145, 146, 147, 112, 121, 128, 129, 130, 131, 132, 133, 134, 135, 136, 137, 139, 140, 141, 142, 143, 144, 149, 155, 156, 157, 159, 160, 161, 162, 163, 164, 166, 1, 232]	4	2015	1.03
Portland	bicycle	[105, 145, 146, 147, 112, 121, 128, 129, 130, 131, 132, 133, 134, 135, 136, 137, 139, 140, 141, 142, 143, 144, 149, 155, 156, 157, 159, 160, 161, 162, 163, 164, 166, 1, 232]	5	2015	1.14
Portland	bicycle	[105, 145, 146, 147, 112, 121, 128, 129, 130, 131, 132, 133, 134, 135, 136, 137, 139, 140, 141, 142, 143, 144, 149, 155, 156, 157, 159, 160, 161, 162, 163, 164, 166, 1, 232]	6	2015	1.25
Portland	bicycle	[105, 145, 146, 147, 112, 121, 128, 129, 130, 131, 132, 133, 134, 135, 136, 137, 139, 140, 141, 142, 143, 144, 149, 155, 156, 157, 159, 160, 161, 162, 163, 164, 166, 1, 232]	7	2015	1.13
Portland	bicycle	[105, 145, 146, 147, 112, 121, 128, 129, 130, 131, 132, 133, 134, 135, 136, 137, 139, 140, 141, 142, 143, 144, 149, 155, 156, 157, 159, 160, 161, 162, 163, 164, 166, 1, 232]	8	2015	1.01
Portland	bicycle	[105, 145, 146, 147, 112, 121, 128, 129, 130, 131, 132, 133, 134, 135, 136, 137, 139, 140, 141, 142, 143, 144, 149, 155, 156, 157, 159, 160, 161, 162, 163, 164, 166, 1, 232]	9	2015	1.18
Portland	bicycle	[105, 145, 146, 147, 112, 121, 128, 129, 130, 131, 132, 133, 134, 135, 136, 137, 139, 140, 141, 142, 143, 144, 149, 155, 156, 157, 159, 160, 161, 162, 163, 164, 166, 1, 232]	10	2015	1.08
Portland	bicycle	[105, 145, 146, 147, 112, 121, 128, 129, 130, 131, 132, 133, 134, 135, 136, 137, 139, 140, 141, 142, 143, 144, 149, 155, 156, 157, 159, 160, 161, 162, 163, 164, 166, 1, 232]	11	2015	0.85
Portland	bicycle	[105, 145, 146, 147, 112, 121, 128, 129, 130, 131, 132, 133, 134, 135, 136, 137, 139, 140, 141, 142, 143, 144, 149, 155, 156, 157, 159, 160, 161, 162, 163, 164, 166, 1, 232]	12	2015	0.48
Portland	bicycle	[105, 145, 146, 147, 112, 121, 128, 129, 130, 131, 132, 133, 134, 135, 136, 137, 139, 140, 141, 142, 143, 144, 149, 155, 156, 157, 159, 160, 161, 162, 163, 164, 166, 1, 232]	1	2016	0.75
Portland	bicycle	[105, 145, 146, 147, 112, 121, 128, 129, 130, 131, 132, 133, 134, 135, 136, 137, 139, 140, 141, 142, 143, 144, 149, 155, 156, 157, 159, 160, 161, 162, 163, 164, 166, 1, 232]	2	2016	0.52
Portland	bicycle	[105, 145, 146, 147, 112, 121, 128, 129, 130, 131, 132, 133, 134, 135, 136, 137, 139, 140, 141, 142, 143, 144, 149, 155, 156, 157, 159, 160, 161, 162, 163, 164, 166, 1, 232]	3	2016	0.86
Portland	bicycle	[105, 145, 146, 147, 112, 121, 128, 129, 130, 131, 132, 133, 134, 135, 136, 137, 139, 140, 141, 142, 143, 144, 149, 155, 156, 157, 159, 160, 161, 162, 163, 164, 166, 1, 232]	4	2016	1.28
Portland	bicycle	[105, 145, 146, 147, 112, 121, 128, 129, 130, 131, 132, 133, 134, 135, 136, 137, 139, 140, 141, 142, 143, 144, 149, 155, 156, 157, 159, 160, 161, 162, 163, 164, 166, 1, 232]	5	2016	1.38
Portland	bicycle	[105, 145, 146, 147, 112, 121, 128, 129, 130, 131, 132, 133, 134, 135, 136, 137, 139, 140, 141, 142, 143, 144, 149, 155, 156, 157, 159, 160, 161, 162, 163, 164, 166, 1, 232]	6	2016	1.33
Portland	bicycle	[105, 145, 146, 147, 112, 121, 128, 129, 130, 131, 132, 133, 134, 135, 136, 137, 139, 140, 141, 142, 143, 144, 149, 155, 156, 157, 159, 160, 161, 162, 163, 164, 166, 1, 232]	7	2016	1.46
Portland	bicycle	[105, 145, 146, 147, 112, 121, 128, 129, 130, 131, 132, 133, 134, 135, 136, 137, 139, 140, 141, 142, 143, 144, 149, 155, 156, 157, 159, 160, 161, 162, 163, 164, 166, 1, 232]	8	2016	1.43
Portland	bicycle	[105, 145, 146, 147, 112, 121, 128, 129, 130, 131, 132, 133, 134, 135, 136, 137, 139, 140, 141, 142, 143, 144, 149, 155, 156, 157, 159, 160, 161, 162, 163, 164, 166, 1, 232]	9	2016	0.95
Portland	bicycle	[105, 145, 146, 147, 112, 121, 128, 129, 130, 131, 132, 133, 134, 135, 136, 137, 139, 140, 141, 142, 143, 144, 149, 155, 156, 157, 159, 160, 161, 162, 163, 164, 166, 1, 232]	10	2016	0.95
Portland	bicycle	[105, 145, 146, 147, 112, 121, 128, 129, 130, 131, 132, 133, 134, 135, 136, 137, 139, 140, 141, 142, 143, 144, 149, 155, 156, 157, 159, 160, 161, 162, 163, 164, 166, 1, 232]	11	2016	1.00
Portland	bicycle	[105, 145, 146, 147, 112, 121, 128, 129, 130, 131, 132, 133, 134, 135, 136, 137, 139, 140, 141, 142, 143, 144, 149, 155, 156, 157, 159, 160, 161, 162, 163, 164, 166, 1, 232]	12	2016	0.39
Portland	pedestrian	[106, 107, 108, 109, 110, 111, 113, 114, 115, 116, 117, 118, 119, 122, 123, 124, 125, 126, 127, 138, 148, 150, 151, 152, 153, 154, 158, 165, 167, 168, 169, 170, 171]	1	2009	0.67
Portland	pedestrian	[106, 107, 108, 109, 110, 111, 113, 114, 115, 116, 117, 118, 119, 122, 123, 124, 125, 126, 127, 138, 148, 150, 151, 152, 153, 154, 158, 165, 167, 168, 169, 170, 171]	2	2009	0.70
Portland	pedestrian	[106, 107, 108, 109, 110, 111, 113, 114, 115, 116, 117, 118, 119, 122, 123, 124, 125, 126, 127, 138, 148, 150, 151, 152, 153, 154, 158, 165, 167, 168, 169, 170, 171]	3	2009	0.75
Portland	pedestrian	[106, 107, 108, 109, 110, 111, 113, 114, 115, 116, 117, 118, 119, 122, 123, 124, 125, 126, 127, 138, 148, 150, 151, 152, 153, 154, 158, 165, 167, 168, 169, 170, 171]	4	2009	1.34
Portland	pedestrian	[106, 107, 108, 109, 110, 111, 113, 114, 115, 116, 117, 118, 119, 122, 123, 124, 125, 126, 127, 138, 148, 150, 151, 152, 153, 154, 158, 165, 167, 168, 169, 170, 171]	5	2009	2.35
Portland	pedestrian	[106, 107, 108, 109, 110, 111, 113, 114, 115, 116, 117, 118, 119, 122, 123, 124, 125, 126, 127, 138, 148, 150, 151, 152, 153, 154, 158, 165, 167, 168, 169, 170, 171]	6	2009	1.16
Portland	pedestrian	[106, 107, 108, 109, 110, 111, 113, 114, 115, 116, 117, 118, 119, 122, 123, 124, 125, 126, 127, 138, 148, 150, 151, 152, 153, 154, 158, 165, 167, 168, 169, 170, 171]	7	2009	0.98
Portland	pedestrian	[106, 107, 108, 109, 110, 111, 113, 114, 115, 116, 117, 118, 119, 122, 123, 124, 125, 126, 127, 138, 148, 150, 151, 152, 153, 154, 158, 165, 167, 168, 169, 170, 171]	8	2009	0.96
Portland	pedestrian	[106, 107, 108, 109, 110, 111, 113, 114, 115, 116, 117, 118, 119, 122, 123, 124, 125, 126, 127, 138, 148, 150, 151, 152, 153, 154, 158, 165, 167, 168, 169, 170, 171]	9	2009	1.05
Portland	pedestrian	[106, 107, 108, 109, 110, 111, 113, 114, 115, 116, 117, 118, 119, 122, 123, 124, 125, 126, 127, 138, 148, 150, 151, 152, 153, 154, 158, 165, 167, 168, 169, 170, 171]	10	2009	0.63
Portland	pedestrian	[106, 107, 108, 109, 110, 111, 113, 114, 115, 116, 117, 118, 119, 122, 123, 124, 125, 126, 127, 138, 148, 150, 151, 152, 153, 154, 158, 165, 167, 168, 169, 170, 171]	11	2009	0.46
Portland	pedestrian	[106, 107, 108, 109, 110, 111, 113, 114, 115, 116, 117, 118, 119, 122, 123, 124, 125, 126, 127, 138, 148, 150, 151, 152, 153, 154, 158, 165, 167, 168, 169, 170, 171]	12	2009	0.34
Portland	pedestrian	[106, 107, 108, 109, 110, 111, 113, 114, 115, 116, 117, 118, 119, 122, 123, 124, 125, 126, 127, 138, 148, 150, 151, 152, 153, 154, 158, 165, 167, 168, 169, 170, 171]	1	2010	0.65
Portland	pedestrian	[106, 107, 108, 109, 110, 111, 113, 114, 115, 116, 117, 118, 119, 122, 123, 124, 125, 126, 127, 138, 148, 150, 151, 152, 153, 154, 158, 165, 167, 168, 169, 170, 171]	2	2010	0.92
Portland	pedestrian	[106, 107, 108, 109, 110, 111, 113, 114, 115, 116, 117, 118, 119, 122, 123, 124, 125, 126, 127, 138, 148, 150, 151, 152, 153, 154, 158, 165, 167, 168, 169, 170, 171]	3	2010	1.18
Portland	pedestrian	[106, 107, 108, 109, 110, 111, 113, 114, 115, 116, 117, 118, 119, 122, 123, 124, 125, 126, 127, 138, 148, 150, 151, 152, 153, 154, 158, 165, 167, 168, 169, 170, 171]	4	2010	1.31
Portland	pedestrian	[106, 107, 108, 109, 110, 111, 113, 114, 115, 116, 117, 118, 119, 122, 123, 124, 125, 126, 127, 138, 148, 150, 151, 152, 153, 154, 158, 165, 167, 168, 169, 170, 171]	5	2010	1.27
Portland	pedestrian	[106, 107, 108, 109, 110, 111, 113, 114, 115, 116, 117, 118, 119, 122, 123, 124, 125, 126, 127, 138, 148, 150, 151, 152, 153, 154, 158, 165, 167, 168, 169, 170, 171]	6	2010	1.27
Portland	pedestrian	[106, 107, 108, 109, 110, 111, 113, 114, 115, 116, 117, 118, 119, 122, 123, 124, 125, 126, 127, 138, 148, 150, 151, 152, 153, 154, 158, 165, 167, 168, 169, 170, 171]	7	2010	1.32
Portland	pedestrian	[106, 107, 108, 109, 110, 111, 113, 114, 115, 116, 117, 118, 119, 122, 123, 124, 125, 126, 127, 138, 148, 150, 151, 152, 153, 154, 158, 165, 167, 168, 169, 170, 171]	8	2010	1.03
Portland	pedestrian	[106, 107, 108, 109, 110, 111, 113, 114, 115, 116, 117, 118, 119, 122, 123, 124, 125, 126, 127, 138, 148, 150, 151, 152, 153, 154, 158, 165, 167, 168, 169, 170, 171]	9	2010	0.88
Portland	pedestrian	[106, 107, 108, 109, 110, 111, 113, 114, 115, 116, 117, 118, 119, 122, 123, 124, 125, 126, 127, 138, 148, 150, 151, 152, 153, 154, 158, 165, 167, 168, 169, 170, 171]	10	2010	0.85
Portland	pedestrian	[106, 107, 108, 109, 110, 111, 113, 114, 115, 116, 117, 118, 119, 122, 123, 124, 125, 126, 127, 138, 148, 150, 151, 152, 153, 154, 158, 165, 167, 168, 169, 170, 171]	11	2010	0.73
Portland	pedestrian	[106, 107, 108, 109, 110, 111, 113, 114, 115, 116, 117, 118, 119, 122, 123, 124, 125, 126, 127, 138, 148, 150, 151, 152, 153, 154, 158, 165, 167, 168, 169, 170, 171]	12	2010	0.40
Portland	pedestrian	[106, 107, 108, 109, 110, 111, 113, 114, 115, 116, 117, 118, 119, 122, 123, 124, 125, 126, 127, 138, 148, 150, 151, 152, 153, 154, 158, 165, 167, 168, 169, 170, 171]	1	2011	0.78
Portland	pedestrian	[106, 107, 108, 109, 110, 111, 113, 114, 115, 116, 117, 118, 119, 122, 123, 124, 125, 126, 127, 138, 148, 150, 151, 152, 153, 154, 158, 165, 167, 168, 169, 170, 171]	2	2011	0.75
Portland	pedestrian	[106, 107, 108, 109, 110, 111, 113, 114, 115, 116, 117, 118, 119, 122, 123, 124, 125, 126, 127, 138, 148, 150, 151, 152, 153, 154, 158, 165, 167, 168, 169, 170, 171]	3	2011	0.74
Portland	pedestrian	[106, 107, 108, 109, 110, 111, 113, 114, 115, 116, 117, 118, 119, 122, 123, 124, 125, 126, 127, 138, 148, 150, 151, 152, 153, 154, 158, 165, 167, 168, 169, 170, 171]	4	2011	1.17
Portland	pedestrian	[106, 107, 108, 109, 110, 111, 113, 114, 115, 116, 117, 118, 119, 122, 123, 124, 125, 126, 127, 138, 148, 150, 151, 152, 153, 154, 158, 165, 167, 168, 169, 170, 171]	5	2011	1.40
Portland	pedestrian	[106, 107, 108, 109, 110, 111, 113, 114, 115, 116, 117, 118, 119, 122, 123, 124, 125, 126, 127, 138, 148, 150, 151, 152, 153, 154, 158, 165, 167, 168, 169, 170, 171]	6	2011	1.41
Portland	pedestrian	[106, 107, 108, 109, 110, 111, 113, 114, 115, 116, 117, 118, 119, 122, 123, 124, 125, 126, 127, 138, 148, 150, 151, 152, 153, 154, 158, 165, 167, 168, 169, 170, 171]	7	2011	1.27
Portland	pedestrian	[106, 107, 108, 109, 110, 111, 113, 114, 115, 116, 117, 118, 119, 122, 123, 124, 125, 126, 127, 138, 148, 150, 151, 152, 153, 154, 158, 165, 167, 168, 169, 170, 171]	8	2011	1.33
Portland	pedestrian	[106, 107, 108, 109, 110, 111, 113, 114, 115, 116, 117, 118, 119, 122, 123, 124, 125, 126, 127, 138, 148, 150, 151, 152, 153, 154, 158, 165, 167, 168, 169, 170, 171]	9	2011	0.97
Portland	pedestrian	[106, 107, 108, 109, 110, 111, 113, 114, 115, 116, 117, 118, 119, 122, 123, 124, 125, 126, 127, 138, 148, 150, 151, 152, 153, 154, 158, 165, 167, 168, 169, 170, 171]	10	2011	0.81
Portland	pedestrian	[106, 107, 108, 109, 110, 111, 113, 114, 115, 116, 117, 118, 119, 122, 123, 124, 125, 126, 127, 138, 148, 150, 151, 152, 153, 154, 158, 165, 167, 168, 169, 170, 171]	11	2011	0.60
Portland	pedestrian	[106, 107, 108, 109, 110, 111, 113, 114, 115, 116, 117, 118, 119, 122, 123, 124, 125, 126, 127, 138, 148, 150, 151, 152, 153, 154, 158, 165, 167, 168, 169, 170, 171]	12	2011	0.58
Portland	pedestrian	[106, 107, 108, 109, 110, 111, 113, 114, 115, 116, 117, 118, 119, 122, 123, 124, 125, 126, 127, 138, 148, 150, 151, 152, 153, 154, 158, 165, 167, 168, 169, 170, 171]	1	2012	0.64
Portland	pedestrian	[106, 107, 108, 109, 110, 111, 113, 114, 115, 116, 117, 118, 119, 122, 123, 124, 125, 126, 127, 138, 148, 150, 151, 152, 153, 154, 158, 165, 167, 168, 169, 170, 171]	2	2012	0.82
Portland	pedestrian	[106, 107, 108, 109, 110, 111, 113, 114, 115, 116, 117, 118, 119, 122, 123, 124, 125, 126, 127, 138, 148, 150, 151, 152, 153, 154, 158, 165, 167, 168, 169, 170, 171]	3	2012	0.89
Portland	pedestrian	[106, 107, 108, 109, 110, 111, 113, 114, 115, 116, 117, 118, 119, 122, 123, 124, 125, 126, 127, 138, 148, 150, 151, 152, 153, 154, 158, 165, 167, 168, 169, 170, 171]	4	2012	1.07
Portland	pedestrian	[106, 107, 108, 109, 110, 111, 113, 114, 115, 116, 117, 118, 119, 122, 123, 124, 125, 126, 127, 138, 148, 150, 151, 152, 153, 154, 158, 165, 167, 168, 169, 170, 171]	5	2012	1.31
Portland	pedestrian	[106, 107, 108, 109, 110, 111, 113, 114, 115, 116, 117, 118, 119, 122, 123, 124, 125, 126, 127, 138, 148, 150, 151, 152, 153, 154, 158, 165, 167, 168, 169, 170, 171]	6	2012	1.30
Portland	pedestrian	[106, 107, 108, 109, 110, 111, 113, 114, 115, 116, 117, 118, 119, 122, 123, 124, 125, 126, 127, 138, 148, 150, 151, 152, 153, 154, 158, 165, 167, 168, 169, 170, 171]	7	2012	1.54
Portland	pedestrian	[106, 107, 108, 109, 110, 111, 113, 114, 115, 116, 117, 118, 119, 122, 123, 124, 125, 126, 127, 138, 148, 150, 151, 152, 153, 154, 158, 165, 167, 168, 169, 170, 171]	8	2012	1.18
Portland	pedestrian	[106, 107, 108, 109, 110, 111, 113, 114, 115, 116, 117, 118, 119, 122, 123, 124, 125, 126, 127, 138, 148, 150, 151, 152, 153, 154, 158, 165, 167, 168, 169, 170, 171]	9	2012	1.14
Portland	pedestrian	[106, 107, 108, 109, 110, 111, 113, 114, 115, 116, 117, 118, 119, 122, 123, 124, 125, 126, 127, 138, 148, 150, 151, 152, 153, 154, 158, 165, 167, 168, 169, 170, 171]	10	2012	0.75
Portland	pedestrian	[106, 107, 108, 109, 110, 111, 113, 114, 115, 116, 117, 118, 119, 122, 123, 124, 125, 126, 127, 138, 148, 150, 151, 152, 153, 154, 158, 165, 167, 168, 169, 170, 171]	11	2012	0.71
Portland	pedestrian	[106, 107, 108, 109, 110, 111, 113, 114, 115, 116, 117, 118, 119, 122, 123, 124, 125, 126, 127, 138, 148, 150, 151, 152, 153, 154, 158, 165, 167, 168, 169, 170, 171]	12	2012	0.52
Portland	pedestrian	[106, 107, 108, 109, 110, 111, 113, 114, 115, 116, 117, 118, 119, 122, 123, 124, 125, 126, 127, 138, 148, 150, 151, 152, 153, 154, 158, 165, 167, 168, 169, 170, 171]	1	2013	0.65
Portland	pedestrian	[106, 107, 108, 109, 110, 111, 113, 114, 115, 116, 117, 118, 119, 122, 123, 124, 125, 126, 127, 138, 148, 150, 151, 152, 153, 154, 158, 165, 167, 168, 169, 170, 171]	2	2013	0.79
Portland	pedestrian	[106, 107, 108, 109, 110, 111, 113, 114, 115, 116, 117, 118, 119, 122, 123, 124, 125, 126, 127, 138, 148, 150, 151, 152, 153, 154, 158, 165, 167, 168, 169, 170, 171]	3	2013	1.11
Portland	pedestrian	[106, 107, 108, 109, 110, 111, 113, 114, 115, 116, 117, 118, 119, 122, 123, 124, 125, 126, 127, 138, 148, 150, 151, 152, 153, 154, 158, 165, 167, 168, 169, 170, 171]	4	2013	1.20
Portland	pedestrian	[106, 107, 108, 109, 110, 111, 113, 114, 115, 116, 117, 118, 119, 122, 123, 124, 125, 126, 127, 138, 148, 150, 151, 152, 153, 154, 158, 165, 167, 168, 169, 170, 171]	5	2013	1.28
Portland	pedestrian	[106, 107, 108, 109, 110, 111, 113, 114, 115, 116, 117, 118, 119, 122, 123, 124, 125, 126, 127, 138, 148, 150, 151, 152, 153, 154, 158, 165, 167, 168, 169, 170, 171]	6	2013	1.28
Portland	pedestrian	[106, 107, 108, 109, 110, 111, 113, 114, 115, 116, 117, 118, 119, 122, 123, 124, 125, 126, 127, 138, 148, 150, 151, 152, 153, 154, 158, 165, 167, 168, 169, 170, 171]	7	2013	1.11
Portland	pedestrian	[106, 107, 108, 109, 110, 111, 113, 114, 115, 116, 117, 118, 119, 122, 123, 124, 125, 126, 127, 138, 148, 150, 151, 152, 153, 154, 158, 165, 167, 168, 169, 170, 171]	8	2013	1.05
Portland	pedestrian	[106, 107, 108, 109, 110, 111, 113, 114, 115, 116, 117, 118, 119, 122, 123, 124, 125, 126, 127, 138, 148, 150, 151, 152, 153, 154, 158, 165, 167, 168, 169, 170, 171]	9	2013	0.92
Portland	pedestrian	[106, 107, 108, 109, 110, 111, 113, 114, 115, 116, 117, 118, 119, 122, 123, 124, 125, 126, 127, 138, 148, 150, 151, 152, 153, 154, 158, 165, 167, 168, 169, 170, 171]	10	2013	1.08
Portland	pedestrian	[106, 107, 108, 109, 110, 111, 113, 114, 115, 116, 117, 118, 119, 122, 123, 124, 125, 126, 127, 138, 148, 150, 151, 152, 153, 154, 158, 165, 167, 168, 169, 170, 171]	11	2013	0.79
Portland	pedestrian	[106, 107, 108, 109, 110, 111, 113, 114, 115, 116, 117, 118, 119, 122, 123, 124, 125, 126, 127, 138, 148, 150, 151, 152, 153, 154, 158, 165, 167, 168, 169, 170, 171]	12	2013	0.48
Portland	pedestrian	[106, 107, 108, 109, 110, 111, 113, 114, 115, 116, 117, 118, 119, 122, 123, 124, 125, 126, 127, 138, 148, 150, 151, 152, 153, 154, 158, 165, 167, 168, 169, 170, 171]	1	2014	0.88
Portland	pedestrian	[106, 107, 108, 109, 110, 111, 113, 114, 115, 116, 117, 118, 119, 122, 123, 124, 125, 126, 127, 138, 148, 150, 151, 152, 153, 154, 158, 165, 167, 168, 169, 170, 171]	2	2014	0.61
Portland	pedestrian	[106, 107, 108, 109, 110, 111, 113, 114, 115, 116, 117, 118, 119, 122, 123, 124, 125, 126, 127, 138, 148, 150, 151, 152, 153, 154, 158, 165, 167, 168, 169, 170, 171]	3	2014	0.97
Portland	pedestrian	[106, 107, 108, 109, 110, 111, 113, 114, 115, 116, 117, 118, 119, 122, 123, 124, 125, 126, 127, 138, 148, 150, 151, 152, 153, 154, 158, 165, 167, 168, 169, 170, 171]	4	2014	1.33
Portland	pedestrian	[106, 107, 108, 109, 110, 111, 113, 114, 115, 116, 117, 118, 119, 122, 123, 124, 125, 126, 127, 138, 148, 150, 151, 152, 153, 154, 158, 165, 167, 168, 169, 170, 171]	5	2014	1.49
Portland	pedestrian	[106, 107, 108, 109, 110, 111, 113, 114, 115, 116, 117, 118, 119, 122, 123, 124, 125, 126, 127, 138, 148, 150, 151, 152, 153, 154, 158, 165, 167, 168, 169, 170, 171]	6	2014	1.38
Portland	pedestrian	[106, 107, 108, 109, 110, 111, 113, 114, 115, 116, 117, 118, 119, 122, 123, 124, 125, 126, 127, 138, 148, 150, 151, 152, 153, 154, 158, 165, 167, 168, 169, 170, 171]	7	2014	1.15
Portland	pedestrian	[106, 107, 108, 109, 110, 111, 113, 114, 115, 116, 117, 118, 119, 122, 123, 124, 125, 126, 127, 138, 148, 150, 151, 152, 153, 154, 158, 165, 167, 168, 169, 170, 171]	8	2014	0.88
Portland	pedestrian	[106, 107, 108, 109, 110, 111, 113, 114, 115, 116, 117, 118, 119, 122, 123, 124, 125, 126, 127, 138, 148, 150, 151, 152, 153, 154, 158, 165, 167, 168, 169, 170, 171]	9	2014	1.05
Portland	pedestrian	[106, 107, 108, 109, 110, 111, 113, 114, 115, 116, 117, 118, 119, 122, 123, 124, 125, 126, 127, 138, 148, 150, 151, 152, 153, 154, 158, 165, 167, 168, 169, 170, 171]	10	2014	0.85
Portland	pedestrian	[106, 107, 108, 109, 110, 111, 113, 114, 115, 116, 117, 118, 119, 122, 123, 124, 125, 126, 127, 138, 148, 150, 151, 152, 153, 154, 158, 165, 167, 168, 169, 170, 171]	11	2014	0.75
Portland	pedestrian	[106, 107, 108, 109, 110, 111, 113, 114, 115, 116, 117, 118, 119, 122, 123, 124, 125, 126, 127, 138, 148, 150, 151, 152, 153, 154, 158, 165, 167, 168, 169, 170, 171]	12	2014	0.41
Portland	pedestrian	[106, 107, 108, 109, 110, 111, 113, 114, 115, 116, 117, 118, 119, 122, 123, 124, 125, 126, 127, 138, 148, 150, 151, 152, 153, 154, 158, 165, 167, 168, 169, 170, 171]	1	2015	0.87
Portland	pedestrian	[106, 107, 108, 109, 110, 111, 113, 114, 115, 116, 117, 118, 119, 122, 123, 124, 125, 126, 127, 138, 148, 150, 151, 152, 153, 154, 158, 165, 167, 168, 169, 170, 171]	2	2015	1.04
Portland	pedestrian	[106, 107, 108, 109, 110, 111, 113, 114, 115, 116, 117, 118, 119, 122, 123, 124, 125, 126, 127, 138, 148, 150, 151, 152, 153, 154, 158, 165, 167, 168, 169, 170, 171]	3	2015	1.36
Portland	pedestrian	[106, 107, 108, 109, 110, 111, 113, 114, 115, 116, 117, 118, 119, 122, 123, 124, 125, 126, 127, 138, 148, 150, 151, 152, 153, 154, 158, 165, 167, 168, 169, 170, 171]	4	2015	1.24
Portland	pedestrian	[106, 107, 108, 109, 110, 111, 113, 114, 115, 116, 117, 118, 119, 122, 123, 124, 125, 126, 127, 138, 148, 150, 151, 152, 153, 154, 158, 165, 167, 168, 169, 170, 171]	5	2015	1.29
Portland	pedestrian	[106, 107, 108, 109, 110, 111, 113, 114, 115, 116, 117, 118, 119, 122, 123, 124, 125, 126, 127, 138, 148, 150, 151, 152, 153, 154, 158, 165, 167, 168, 169, 170, 171]	6	2015	1.20
Portland	pedestrian	[106, 107, 108, 109, 110, 111, 113, 114, 115, 116, 117, 118, 119, 122, 123, 124, 125, 126, 127, 138, 148, 150, 151, 152, 153, 154, 158, 165, 167, 168, 169, 170, 171]	7	2015	1.07
Portland	pedestrian	[106, 107, 108, 109, 110, 111, 113, 114, 115, 116, 117, 118, 119, 122, 123, 124, 125, 126, 127, 138, 148, 150, 151, 152, 153, 154, 158, 165, 167, 168, 169, 170, 171]	8	2015	0.98
Portland	pedestrian	[106, 107, 108, 109, 110, 111, 113, 114, 115, 116, 117, 118, 119, 122, 123, 124, 125, 126, 127, 138, 148, 150, 151, 152, 153, 154, 158, 165, 167, 168, 169, 170, 171]	9	2015	0.94
Portland	pedestrian	[106, 107, 108, 109, 110, 111, 113, 114, 115, 116, 117, 118, 119, 122, 123, 124, 125, 126, 127, 138, 148, 150, 151, 152, 153, 154, 158, 165, 167, 168, 169, 170, 171]	10	2015	0.82
Portland	pedestrian	[106, 107, 108, 109, 110, 111, 113, 114, 115, 116, 117, 118, 119, 122, 123, 124, 125, 126, 127, 138, 148, 150, 151, 152, 153, 154, 158, 165, 167, 168, 169, 170, 171]	11	2015	0.54
Portland	pedestrian	[106, 107, 108, 109, 110, 111, 113, 114, 115, 116, 117, 118, 119, 122, 123, 124, 125, 126, 127, 138, 148, 150, 151, 152, 153, 154, 158, 165, 167, 168, 169, 170, 171]	12	2015	0.24
Portland	bike-ped-combined	[206, 207, 208, 209, 210, 211, 212, 213, 214, 215, 216, 217, 218, 219, 220, 221, 222, 223, 224, 225, 226, 227, 228, 229, 230]	1	2011	0.62
Portland	bike-ped-combined	[206, 207, 208, 209, 210, 211, 212, 213, 214, 215, 216, 217, 218, 219, 220, 221, 222, 223, 224, 225, 226, 227, 228, 229, 230]	2	2011	0.69
Portland	bike-ped-combined	[206, 207, 208, 209, 210, 211, 212, 213, 214, 215, 216, 217, 218, 219, 220, 221, 222, 223, 224, 225, 226, 227, 228, 229, 230]	3	2011	0.75
Portland	bike-ped-combined	[206, 207, 208, 209, 210, 211, 212, 213, 214, 215, 216, 217, 218, 219, 220, 221, 222, 223, 224, 225, 226, 227, 228, 229, 230]	4	2011	1.08
Portland	bike-ped-combined	[206, 207, 208, 209, 210, 211, 212, 213, 214, 215, 216, 217, 218, 219, 220, 221, 222, 223, 224, 225, 226, 227, 228, 229, 230]	5	2011	1.20
Portland	bike-ped-combined	[206, 207, 208, 209, 210, 211, 212, 213, 214, 215, 216, 217, 218, 219, 220, 221, 222, 223, 224, 225, 226, 227, 228, 229, 230]	6	2011	1.45
Portland	bike-ped-combined	[206, 207, 208, 209, 210, 211, 212, 213, 214, 215, 216, 217, 218, 219, 220, 221, 222, 223, 224, 225, 226, 227, 228, 229, 230]	7	2011	1.49
Portland	bike-ped-combined	[206, 207, 208, 209, 210, 211, 212, 213, 214, 215, 216, 217, 218, 219, 220, 221, 222, 223, 224, 225, 226, 227, 228, 229, 230]	8	2011	1.39
Portland	bike-ped-combined	[206, 207, 208, 209, 210, 211, 212, 213, 214, 215, 216, 217, 218, 219, 220, 221, 222, 223, 224, 225, 226, 227, 228, 229, 230]	9	2011	1.06
Portland	bike-ped-combined	[206, 207, 208, 209, 210, 211, 212, 213, 214, 215, 216, 217, 218, 219, 220, 221, 222, 223, 224, 225, 226, 227, 228, 229, 230]	10	2011	0.83
Portland	bike-ped-combined	[206, 207, 208, 209, 210, 211, 212, 213, 214, 215, 216, 217, 218, 219, 220, 221, 222, 223, 224, 225, 226, 227, 228, 229, 230]	11	2011	0.70
Portland	bike-ped-combined	[206, 207, 208, 209, 210, 211, 212, 213, 214, 215, 216, 217, 218, 219, 220, 221, 222, 223, 224, 225, 226, 227, 228, 229, 230]	12	2011	0.67
Portland	bike-ped-combined	[206, 207, 208, 209, 210, 211, 212, 213, 214, 215, 216, 217, 218, 219, 220, 221, 222, 223, 224, 225, 226, 227, 228, 229, 230]	1	2012	0.61
Portland	bike-ped-combined	[206, 207, 208, 209, 210, 211, 212, 213, 214, 215, 216, 217, 218, 219, 220, 221, 222, 223, 224, 225, 226, 227, 228, 229, 230]	2	2012	0.76
Portland	bike-ped-combined	[206, 207, 208, 209, 210, 211, 212, 213, 214, 215, 216, 217, 218, 219, 220, 221, 222, 223, 224, 225, 226, 227, 228, 229, 230]	3	2012	0.82
Portland	bike-ped-combined	[206, 207, 208, 209, 210, 211, 212, 213, 214, 215, 216, 217, 218, 219, 220, 221, 222, 223, 224, 225, 226, 227, 228, 229, 230]	4	2012	1.09
Portland	bike-ped-combined	[206, 207, 208, 209, 210, 211, 212, 213, 214, 215, 216, 217, 218, 219, 220, 221, 222, 223, 224, 225, 226, 227, 228, 229, 230]	5	2012	1.24
Portland	bike-ped-combined	[206, 207, 208, 209, 210, 211, 212, 213, 214, 215, 216, 217, 218, 219, 220, 221, 222, 223, 224, 225, 226, 227, 228, 229, 230]	6	2012	1.29
Portland	bike-ped-combined	[206, 207, 208, 209, 210, 211, 212, 213, 214, 215, 216, 217, 218, 219, 220, 221, 222, 223, 224, 225, 226, 227, 228, 229, 230]	7	2012	1.40
Portland	bike-ped-combined	[206, 207, 208, 209, 210, 211, 212, 213, 214, 215, 216, 217, 218, 219, 220, 221, 222, 223, 224, 225, 226, 227, 228, 229, 230]	8	2012	1.21
Portland	bike-ped-combined	[206, 207, 208, 209, 210, 211, 212, 213, 214, 215, 216, 217, 218, 219, 220, 221, 222, 223, 224, 225, 226, 227, 228, 229, 230]	9	2012	1.12
Portland	bike-ped-combined	[206, 207, 208, 209, 210, 211, 212, 213, 214, 215, 216, 217, 218, 219, 220, 221, 222, 223, 224, 225, 226, 227, 228, 229, 230]	10	2012	0.76
Portland	bike-ped-combined	[206, 207, 208, 209, 210, 211, 212, 213, 214, 215, 216, 217, 218, 219, 220, 221, 222, 223, 224, 225, 226, 227, 228, 229, 230]	11	2012	0.66
Portland	bike-ped-combined	[206, 207, 208, 209, 210, 211, 212, 213, 214, 215, 216, 217, 218, 219, 220, 221, 222, 223, 224, 225, 226, 227, 228, 229, 230]	12	2012	0.47
Portland	bike-ped-combined	[206, 207, 208, 209, 210, 211, 212, 213, 214, 215, 216, 217, 218, 219, 220, 221, 222, 223, 224, 225, 226, 227, 228, 229, 230]	1	2013	0.61
Portland	bike-ped-combined	[206, 207, 208, 209, 210, 211, 212, 213, 214, 215, 216, 217, 218, 219, 220, 221, 222, 223, 224, 225, 226, 227, 228, 229, 230]	2	2013	0.74
Portland	bike-ped-combined	[206, 207, 208, 209, 210, 211, 212, 213, 214, 215, 216, 217, 218, 219, 220, 221, 222, 223, 224, 225, 226, 227, 228, 229, 230]	3	2013	1.01
Portland	bike-ped-combined	[206, 207, 208, 209, 210, 211, 212, 213, 214, 215, 216, 217, 218, 219, 220, 221, 222, 223, 224, 225, 226, 227, 228, 229, 230]	4	2013	1.11
Portland	bike-ped-combined	[206, 207, 208, 209, 210, 211, 212, 213, 214, 215, 216, 217, 218, 219, 220, 221, 222, 223, 224, 225, 226, 227, 228, 229, 230]	5	2013	1.17
Portland	bike-ped-combined	[206, 207, 208, 209, 210, 211, 212, 213, 214, 215, 216, 217, 218, 219, 220, 221, 222, 223, 224, 225, 226, 227, 228, 229, 230]	6	2013	1.32
Portland	bike-ped-combined	[206, 207, 208, 209, 210, 211, 212, 213, 214, 215, 216, 217, 218, 219, 220, 221, 222, 223, 224, 225, 226, 227, 228, 229, 230]	7	2013	1.34
Portland	bike-ped-combined	[206, 207, 208, 209, 210, 211, 212, 213, 214, 215, 216, 217, 218, 219, 220, 221, 222, 223, 224, 225, 226, 227, 228, 229, 230]	8	2013	1.25
Portland	bike-ped-combined	[206, 207, 208, 209, 210, 211, 212, 213, 214, 215, 216, 217, 218, 219, 220, 221, 222, 223, 224, 225, 226, 227, 228, 229, 230]	9	2013	0.96
Portland	bike-ped-combined	[206, 207, 208, 209, 210, 211, 212, 213, 214, 215, 216, 217, 218, 219, 220, 221, 222, 223, 224, 225, 226, 227, 228, 229, 230]	10	2013	1.03
Portland	bike-ped-combined	[206, 207, 208, 209, 210, 211, 212, 213, 214, 215, 216, 217, 218, 219, 220, 221, 222, 223, 224, 225, 226, 227, 228, 229, 230]	11	2013	0.72
Portland	bike-ped-combined	[206, 207, 208, 209, 210, 211, 212, 213, 214, 215, 216, 217, 218, 219, 220, 221, 222, 223, 224, 225, 226, 227, 228, 229, 230]	12	2013	0.52
Portland	bike-ped-combined	[206, 207, 208, 209, 210, 211, 212, 213, 214, 215, 216, 217, 218, 219, 220, 221, 222, 223, 224, 225, 226, 227, 228, 229, 230]	1	2014	0.76
Portland	bike-ped-combined	[206, 207, 208, 209, 210, 211, 212, 213, 214, 215, 216, 217, 218, 219, 220, 221, 222, 223, 224, 225, 226, 227, 228, 229, 230]	2	2014	0.61
Portland	bike-ped-combined	[206, 207, 208, 209, 210, 211, 212, 213, 214, 215, 216, 217, 218, 219, 220, 221, 222, 223, 224, 225, 226, 227, 228, 229, 230]	3	2014	0.97
Portland	bike-ped-combined	[206, 207, 208, 209, 210, 211, 212, 213, 214, 215, 216, 217, 218, 219, 220, 221, 222, 223, 224, 225, 226, 227, 228, 229, 230]	4	2014	1.22
Portland	bike-ped-combined	[206, 207, 208, 209, 210, 211, 212, 213, 214, 215, 216, 217, 218, 219, 220, 221, 222, 223, 224, 225, 226, 227, 228, 229, 230]	5	2014	1.23
Portland	bike-ped-combined	[206, 207, 208, 209, 210, 211, 212, 213, 214, 215, 216, 217, 218, 219, 220, 221, 222, 223, 224, 225, 226, 227, 228, 229, 230]	6	2014	1.32
Portland	bike-ped-combined	[206, 207, 208, 209, 210, 211, 212, 213, 214, 215, 216, 217, 218, 219, 220, 221, 222, 223, 224, 225, 226, 227, 228, 229, 230]	7	2014	1.27
Portland	bike-ped-combined	[206, 207, 208, 209, 210, 211, 212, 213, 214, 215, 216, 217, 218, 219, 220, 221, 222, 223, 224, 225, 226, 227, 228, 229, 230]	8	2014	1.23
Portland	bike-ped-combined	[206, 207, 208, 209, 210, 211, 212, 213, 214, 215, 216, 217, 218, 219, 220, 221, 222, 223, 224, 225, 226, 227, 228, 229, 230]	9	2014	1.06
Portland	bike-ped-combined	[206, 207, 208, 209, 210, 211, 212, 213, 214, 215, 216, 217, 218, 219, 220, 221, 222, 223, 224, 225, 226, 227, 228, 229, 230]	10	2014	0.88
Portland	bike-ped-combined	[206, 207, 208, 209, 210, 211, 212, 213, 214, 215, 216, 217, 218, 219, 220, 221, 222, 223, 224, 225, 226, 227, 228, 229, 230]	11	2014	0.72
Portland	bike-ped-combined	[206, 207, 208, 209, 210, 211, 212, 213, 214, 215, 216, 217, 218, 219, 220, 221, 222, 223, 224, 225, 226, 227, 228, 229, 230]	12	2014	0.59
Portland	bike-ped-combined	[206, 207, 208, 209, 210, 211, 212, 213, 214, 215, 216, 217, 218, 219, 220, 221, 222, 223, 224, 225, 226, 227, 228, 229, 230]	1	2015	0.86
Portland	bike-ped-combined	[206, 207, 208, 209, 210, 211, 212, 213, 214, 215, 216, 217, 218, 219, 220, 221, 222, 223, 224, 225, 226, 227, 228, 229, 230]	2	2015	0.92
Portland	bike-ped-combined	[206, 207, 208, 209, 210, 211, 212, 213, 214, 215, 216, 217, 218, 219, 220, 221, 222, 223, 224, 225, 226, 227, 228, 229, 230]	3	2015	1.22
Portland	bike-ped-combined	[206, 207, 208, 209, 210, 211, 212, 213, 214, 215, 216, 217, 218, 219, 220, 221, 222, 223, 224, 225, 226, 227, 228, 229, 230]	4	2015	1.17
Portland	bike-ped-combined	[206, 207, 208, 209, 210, 211, 212, 213, 214, 215, 216, 217, 218, 219, 220, 221, 222, 223, 224, 225, 226, 227, 228, 229, 230]	5	2015	1.17
Portland	bike-ped-combined	[206, 207, 208, 209, 210, 211, 212, 213, 214, 215, 216, 217, 218, 219, 220, 221, 222, 223, 224, 225, 226, 227, 228, 229, 230]	6	2015	1.13
Portland	bike-ped-combined	[206, 207, 208, 209, 210, 211, 212, 213, 214, 215, 216, 217, 218, 219, 220, 221, 222, 223, 224, 225, 226, 227, 228, 229, 230]	7	2015	1.08
Portland	bike-ped-combined	[206, 207, 208, 209, 210, 211, 212, 213, 214, 215, 216, 217, 218, 219, 220, 221, 222, 223, 224, 225, 226, 227, 228, 229, 230]	8	2015	1.18
Portland	bike-ped-combined	[206, 207, 208, 209, 210, 211, 212, 213, 214, 215, 216, 217, 218, 219, 220, 221, 222, 223, 224, 225, 226, 227, 228, 229, 230]	9	2015	1.10
Portland	bike-ped-combined	[206, 207, 208, 209, 210, 211, 212, 213, 214, 215, 216, 217, 218, 219, 220, 221, 222, 223, 224, 225, 226, 227, 228, 229, 230]	10	2015	0.92
Portland	bike-ped-combined	[206, 207, 208, 209, 210, 211, 212, 213, 214, 215, 216, 217, 218, 219, 220, 221, 222, 223, 224, 225, 226, 227, 228, 229, 230]	11	2015	0.68
Portland	bike-ped-combined	[206, 207, 208, 209, 210, 211, 212, 213, 214, 215, 216, 217, 218, 219, 220, 221, 222, 223, 224, 225, 226, 227, 228, 229, 230]	12	2015	0.40
San Diago	bicycle	[31, 32, 34, 36, 38, 39, 40, 41, 42, 44, 46, 48, 49, 50, 51, 52, 53, 54, 57, 59, 60, 61, 62, 63, 64, 65, 66, 68, 69, 71, 74, 75, 104, 233]	1	2013	0.74
San Diago	bicycle	[31, 32, 34, 36, 38, 39, 40, 41, 42, 44, 46, 48, 49, 50, 51, 52, 53, 54, 57, 59, 60, 61, 62, 63, 64, 65, 66, 68, 69, 71, 74, 75, 104, 233]	2	2013	0.83
San Diago	bicycle	[31, 32, 34, 36, 38, 39, 40, 41, 42, 44, 46, 48, 49, 50, 51, 52, 53, 54, 57, 59, 60, 61, 62, 63, 64, 65, 66, 68, 69, 71, 74, 75, 104, 233]	3	2013	0.96
San Diago	bicycle	[31, 32, 34, 36, 38, 39, 40, 41, 42, 44, 46, 48, 49, 50, 51, 52, 53, 54, 57, 59, 60, 61, 62, 63, 64, 65, 66, 68, 69, 71, 74, 75, 104, 233]	4	2013	1.00
San Diago	bicycle	[31, 32, 34, 36, 38, 39, 40, 41, 42, 44, 46, 48, 49, 50, 51, 52, 53, 54, 57, 59, 60, 61, 62, 63, 64, 65, 66, 68, 69, 71, 74, 75, 104, 233]	5	2013	1.05
San Diago	bicycle	[31, 32, 34, 36, 38, 39, 40, 41, 42, 44, 46, 48, 49, 50, 51, 52, 53, 54, 57, 59, 60, 61, 62, 63, 64, 65, 66, 68, 69, 71, 74, 75, 104, 233]	6	2013	1.13
San Diago	bicycle	[31, 32, 34, 36, 38, 39, 40, 41, 42, 44, 46, 48, 49, 50, 51, 52, 53, 54, 57, 59, 60, 61, 62, 63, 64, 65, 66, 68, 69, 71, 74, 75, 104, 233]	7	2013	1.14
San Diago	bicycle	[31, 32, 34, 36, 38, 39, 40, 41, 42, 44, 46, 48, 49, 50, 51, 52, 53, 54, 57, 59, 60, 61, 62, 63, 64, 65, 66, 68, 69, 71, 74, 75, 104, 233]	8	2013	0.95
San Diago	bicycle	[31, 32, 34, 36, 38, 39, 40, 41, 42, 44, 46, 48, 49, 50, 51, 52, 53, 54, 57, 59, 60, 61, 62, 63, 64, 65, 66, 68, 69, 71, 74, 75, 104, 233]	9	2013	0.87
San Diago	bicycle	[31, 32, 34, 36, 38, 39, 40, 41, 42, 44, 46, 48, 49, 50, 51, 52, 53, 54, 57, 59, 60, 61, 62, 63, 64, 65, 66, 68, 69, 71, 74, 75, 104, 233]	10	2013	0.78
San Diago	bicycle	[31, 32, 34, 36, 38, 39, 40, 41, 42, 44, 46, 48, 49, 50, 51, 52, 53, 54, 57, 59, 60, 61, 62, 63, 64, 65, 66, 68, 69, 71, 74, 75, 104, 233]	11	2013	1.13
San Diago	bicycle	[31, 32, 34, 36, 38, 39, 40, 41, 42, 44, 46, 48, 49, 50, 51, 52, 53, 54, 57, 59, 60, 61, 62, 63, 64, 65, 66, 68, 69, 71, 74, 75, 104, 233]	12	2013	1.15
San Diago	bicycle	[31, 32, 34, 36, 38, 39, 40, 41, 42, 44, 46, 48, 49, 50, 51, 52, 53, 54, 57, 59, 60, 61, 62, 63, 64, 65, 66, 68, 69, 71, 74, 75, 104, 233]	1	2014	0.95
San Diago	bicycle	[31, 32, 34, 36, 38, 39, 40, 41, 42, 44, 46, 48, 49, 50, 51, 52, 53, 54, 57, 59, 60, 61, 62, 63, 64, 65, 66, 68, 69, 71, 74, 75, 104, 233]	2	2014	0.85
San Diago	bicycle	[31, 32, 34, 36, 38, 39, 40, 41, 42, 44, 46, 48, 49, 50, 51, 52, 53, 54, 57, 59, 60, 61, 62, 63, 64, 65, 66, 68, 69, 71, 74, 75, 104, 233]	3	2014	0.89
San Diago	bicycle	[31, 32, 34, 36, 38, 39, 40, 41, 42, 44, 46, 48, 49, 50, 51, 52, 53, 54, 57, 59, 60, 61, 62, 63, 64, 65, 66, 68, 69, 71, 74, 75, 104, 233]	4	2014	0.91
San Diago	bicycle	[31, 32, 34, 36, 38, 39, 40, 41, 42, 44, 46, 48, 49, 50, 51, 52, 53, 54, 57, 59, 60, 61, 62, 63, 64, 65, 66, 68, 69, 71, 74, 75, 104, 233]	5	2014	0.96
San Diago	bicycle	[31, 32, 34, 36, 38, 39, 40, 41, 42, 44, 46, 48, 49, 50, 51, 52, 53, 54, 57, 59, 60, 61, 62, 63, 64, 65, 66, 68, 69, 71, 74, 75, 104, 233]	6	2014	1.01
San Diago	bicycle	[31, 32, 34, 36, 38, 39, 40, 41, 42, 44, 46, 48, 49, 50, 51, 52, 53, 54, 57, 59, 60, 61, 62, 63, 64, 65, 66, 68, 69, 71, 74, 75, 104, 233]	7	2014	1.05
San Diago	bicycle	[31, 32, 34, 36, 38, 39, 40, 41, 42, 44, 46, 48, 49, 50, 51, 52, 53, 54, 57, 59, 60, 61, 62, 63, 64, 65, 66, 68, 69, 71, 74, 75, 104, 233]	8	2014	0.98
San Diago	bicycle	[31, 32, 34, 36, 38, 39, 40, 41, 42, 44, 46, 48, 49, 50, 51, 52, 53, 54, 57, 59, 60, 61, 62, 63, 64, 65, 66, 68, 69, 71, 74, 75, 104, 233]	9	2014	1.03
San Diago	bicycle	[31, 32, 34, 36, 38, 39, 40, 41, 42, 44, 46, 48, 49, 50, 51, 52, 53, 54, 57, 59, 60, 61, 62, 63, 64, 65, 66, 68, 69, 71, 74, 75, 104, 233]	10	2014	1.07
San Diago	bicycle	[31, 32, 34, 36, 38, 39, 40, 41, 42, 44, 46, 48, 49, 50, 51, 52, 53, 54, 57, 59, 60, 61, 62, 63, 64, 65, 66, 68, 69, 71, 74, 75, 104, 233]	11	2014	0.98
San Diago	bicycle	[31, 32, 34, 36, 38, 39, 40, 41, 42, 44, 46, 48, 49, 50, 51, 52, 53, 54, 57, 59, 60, 61, 62, 63, 64, 65, 66, 68, 69, 71, 74, 75, 104, 233]	12	2014	1.30
San Diago	bicycle	[31, 32, 34, 36, 38, 39, 40, 41, 42, 44, 46, 48, 49, 50, 51, 52, 53, 54, 57, 59, 60, 61, 62, 63, 64, 65, 66, 68, 69, 71, 74, 75, 104, 233]	1	2015	0.88
San Diago	bicycle	[31, 32, 34, 36, 38, 39, 40, 41, 42, 44, 46, 48, 49, 50, 51, 52, 53, 54, 57, 59, 60, 61, 62, 63, 64, 65, 66, 68, 69, 71, 74, 75, 104, 233]	2	2015	0.95
San Diago	bicycle	[31, 32, 34, 36, 38, 39, 40, 41, 42, 44, 46, 48, 49, 50, 51, 52, 53, 54, 57, 59, 60, 61, 62, 63, 64, 65, 66, 68, 69, 71, 74, 75, 104, 233]	3	2015	1.06
San Diago	bicycle	[31, 32, 34, 36, 38, 39, 40, 41, 42, 44, 46, 48, 49, 50, 51, 52, 53, 54, 57, 59, 60, 61, 62, 63, 64, 65, 66, 68, 69, 71, 74, 75, 104, 233]	4	2015	1.08
San Diago	bicycle	[31, 32, 34, 36, 38, 39, 40, 41, 42, 44, 46, 48, 49, 50, 51, 52, 53, 54, 57, 59, 60, 61, 62, 63, 64, 65, 66, 68, 69, 71, 74, 75, 104, 233]	5	2015	1.00
San Diago	bicycle	[31, 32, 34, 36, 38, 39, 40, 41, 42, 44, 46, 48, 49, 50, 51, 52, 53, 54, 57, 59, 60, 61, 62, 63, 64, 65, 66, 68, 69, 71, 74, 75, 104, 233]	6	2015	1.11
San Diago	bicycle	[31, 32, 34, 36, 38, 39, 40, 41, 42, 44, 46, 48, 49, 50, 51, 52, 53, 54, 57, 59, 60, 61, 62, 63, 64, 65, 66, 68, 69, 71, 74, 75, 104, 233]	7	2015	1.18
San Diago	bicycle	[31, 32, 34, 36, 38, 39, 40, 41, 42, 44, 46, 48, 49, 50, 51, 52, 53, 54, 57, 59, 60, 61, 62, 63, 64, 65, 66, 68, 69, 71, 74, 75, 104, 233]	8	2015	1.21
San Diago	bicycle	[31, 32, 34, 36, 38, 39, 40, 41, 42, 44, 46, 48, 49, 50, 51, 52, 53, 54, 57, 59, 60, 61, 62, 63, 64, 65, 66, 68, 69, 71, 74, 75, 104, 233]	9	2015	1.04
San Diago	bicycle	[31, 32, 34, 36, 38, 39, 40, 41, 42, 44, 46, 48, 49, 50, 51, 52, 53, 54, 57, 59, 60, 61, 62, 63, 64, 65, 66, 68, 69, 71, 74, 75, 104, 233]	10	2015	0.95
San Diago	bicycle	[31, 32, 34, 36, 38, 39, 40, 41, 42, 44, 46, 48, 49, 50, 51, 52, 53, 54, 57, 59, 60, 61, 62, 63, 64, 65, 66, 68, 69, 71, 74, 75, 104, 233]	11	2015	0.84
San Diago	bicycle	[31, 32, 34, 36, 38, 39, 40, 41, 42, 44, 46, 48, 49, 50, 51, 52, 53, 54, 57, 59, 60, 61, 62, 63, 64, 65, 66, 68, 69, 71, 74, 75, 104, 233]	12	2015	0.70
San Diago	bicycle	[31, 32, 34, 36, 38, 39, 40, 41, 42, 44, 46, 48, 49, 50, 51, 52, 53, 54, 57, 59, 60, 61, 62, 63, 64, 65, 66, 68, 69, 71, 74, 75, 104, 233]	1	2016	1.42
San Diago	bicycle	[31, 32, 34, 36, 38, 39, 40, 41, 42, 44, 46, 48, 49, 50, 51, 52, 53, 54, 57, 59, 60, 61, 62, 63, 64, 65, 66, 68, 69, 71, 74, 75, 104, 233]	2	2016	1.51
San Diago	bicycle	[31, 32, 34, 36, 38, 39, 40, 41, 42, 44, 46, 48, 49, 50, 51, 52, 53, 54, 57, 59, 60, 61, 62, 63, 64, 65, 66, 68, 69, 71, 74, 75, 104, 233]	3	2016	1.29
San Diago	bicycle	[31, 32, 34, 36, 38, 39, 40, 41, 42, 44, 46, 48, 49, 50, 51, 52, 53, 54, 57, 59, 60, 61, 62, 63, 64, 65, 66, 68, 69, 71, 74, 75, 104, 233]	4	2016	1.20
San Diago	bicycle	[31, 32, 34, 36, 38, 39, 40, 41, 42, 44, 46, 48, 49, 50, 51, 52, 53, 54, 57, 59, 60, 61, 62, 63, 64, 65, 66, 68, 69, 71, 74, 75, 104, 233]	5	2016	1.18
San Diago	bicycle	[31, 32, 34, 36, 38, 39, 40, 41, 42, 44, 46, 48, 49, 50, 51, 52, 53, 54, 57, 59, 60, 61, 62, 63, 64, 65, 66, 68, 69, 71, 74, 75, 104, 233]	6	2016	1.09
San Diago	bicycle	[31, 32, 34, 36, 38, 39, 40, 41, 42, 44, 46, 48, 49, 50, 51, 52, 53, 54, 57, 59, 60, 61, 62, 63, 64, 65, 66, 68, 69, 71, 74, 75, 104, 233]	7	2016	0.93
San Diago	bicycle	[31, 32, 34, 36, 38, 39, 40, 41, 42, 44, 46, 48, 49, 50, 51, 52, 53, 54, 57, 59, 60, 61, 62, 63, 64, 65, 66, 68, 69, 71, 74, 75, 104, 233]	8	2016	0.86
San Diago	bicycle	[31, 32, 34, 36, 38, 39, 40, 41, 42, 44, 46, 48, 49, 50, 51, 52, 53, 54, 57, 59, 60, 61, 62, 63, 64, 65, 66, 68, 69, 71, 74, 75, 104, 233]	9	2016	0.71
San Diago	bicycle	[31, 32, 34, 36, 38, 39, 40, 41, 42, 44, 46, 48, 49, 50, 51, 52, 53, 54, 57, 59, 60, 61, 62, 63, 64, 65, 66, 68, 69, 71, 74, 75, 104, 233]	10	2016	0.70
San Diago	bicycle	[31, 32, 34, 36, 38, 39, 40, 41, 42, 44, 46, 48, 49, 50, 51, 52, 53, 54, 57, 59, 60, 61, 62, 63, 64, 65, 66, 68, 69, 71, 74, 75, 104, 233]	11	2016	0.50
San Diago	bicycle	[31, 32, 34, 36, 38, 39, 40, 41, 42, 44, 46, 48, 49, 50, 51, 52, 53, 54, 57, 59, 60, 61, 62, 63, 64, 65, 66, 68, 69, 71, 74, 75, 104, 233]	12	2016	0.52
San Diago	pedestrian	[33, 35, 37, 43, 45, 47, 55, 56, 58, 67, 70, 72, 73, 76]	1	2013	1.86
San Diago	pedestrian	[33, 35, 37, 43, 45, 47, 55, 56, 58, 67, 70, 72, 73, 76]	2	2013	0.81
San Diago	pedestrian	[33, 35, 37, 43, 45, 47, 55, 56, 58, 67, 70, 72, 73, 76]	3	2013	0.90
San Diago	pedestrian	[33, 35, 37, 43, 45, 47, 55, 56, 58, 67, 70, 72, 73, 76]	4	2013	0.75
San Diago	pedestrian	[33, 35, 37, 43, 45, 47, 55, 56, 58, 67, 70, 72, 73, 76]	5	2013	1.08
San Diago	pedestrian	[33, 35, 37, 43, 45, 47, 55, 56, 58, 67, 70, 72, 73, 76]	6	2013	0.89
San Diago	pedestrian	[33, 35, 37, 43, 45, 47, 55, 56, 58, 67, 70, 72, 73, 76]	7	2013	0.87
San Diago	pedestrian	[33, 35, 37, 43, 45, 47, 55, 56, 58, 67, 70, 72, 73, 76]	8	2013	0.78
San Diago	pedestrian	[33, 35, 37, 43, 45, 47, 55, 56, 58, 67, 70, 72, 73, 76]	9	2013	0.70
San Diago	pedestrian	[33, 35, 37, 43, 45, 47, 55, 56, 58, 67, 70, 72, 73, 76]	10	2013	0.62
San Diago	pedestrian	[33, 35, 37, 43, 45, 47, 55, 56, 58, 67, 70, 72, 73, 76]	11	2013	1.32
San Diago	pedestrian	[33, 35, 37, 43, 45, 47, 55, 56, 58, 67, 70, 72, 73, 76]	12	2013	0.95
San Diago	pedestrian	[33, 35, 37, 43, 45, 47, 55, 56, 58, 67, 70, 72, 73, 76]	1	2014	0.88
San Diago	pedestrian	[33, 35, 37, 43, 45, 47, 55, 56, 58, 67, 70, 72, 73, 76]	2	2014	1.03
San Diago	pedestrian	[33, 35, 37, 43, 45, 47, 55, 56, 58, 67, 70, 72, 73, 76]	3	2014	1.57
San Diago	pedestrian	[33, 35, 37, 43, 45, 47, 55, 56, 58, 67, 70, 72, 73, 76]	4	2014	1.14
San Diago	pedestrian	[33, 35, 37, 43, 45, 47, 55, 56, 58, 67, 70, 72, 73, 76]	5	2014	0.85
San Diago	pedestrian	[33, 35, 37, 43, 45, 47, 55, 56, 58, 67, 70, 72, 73, 76]	6	2014	0.89
San Diago	pedestrian	[33, 35, 37, 43, 45, 47, 55, 56, 58, 67, 70, 72, 73, 76]	7	2014	1.00
San Diago	pedestrian	[33, 35, 37, 43, 45, 47, 55, 56, 58, 67, 70, 72, 73, 76]	8	2014	0.99
San Diago	pedestrian	[33, 35, 37, 43, 45, 47, 55, 56, 58, 67, 70, 72, 73, 76]	9	2014	0.90
San Diago	pedestrian	[33, 35, 37, 43, 45, 47, 55, 56, 58, 67, 70, 72, 73, 76]	10	2014	0.96
San Diago	pedestrian	[33, 35, 37, 43, 45, 47, 55, 56, 58, 67, 70, 72, 73, 76]	11	2014	0.90
San Diago	pedestrian	[33, 35, 37, 43, 45, 47, 55, 56, 58, 67, 70, 72, 73, 76]	12	2014	0.92
San Diago	pedestrian	[33, 35, 37, 43, 45, 47, 55, 56, 58, 67, 70, 72, 73, 76]	1	2015	1.17
San Diago	pedestrian	[33, 35, 37, 43, 45, 47, 55, 56, 58, 67, 70, 72, 73, 76]	2	2015	1.14
San Diago	pedestrian	[33, 35, 37, 43, 45, 47, 55, 56, 58, 67, 70, 72, 73, 76]	3	2015	0.97
San Diago	pedestrian	[33, 35, 37, 43, 45, 47, 55, 56, 58, 67, 70, 72, 73, 76]	4	2015	1.04
San Diago	pedestrian	[33, 35, 37, 43, 45, 47, 55, 56, 58, 67, 70, 72, 73, 76]	5	2015	1.01
San Diago	pedestrian	[33, 35, 37, 43, 45, 47, 55, 56, 58, 67, 70, 72, 73, 76]	6	2015	1.05
San Diago	pedestrian	[33, 35, 37, 43, 45, 47, 55, 56, 58, 67, 70, 72, 73, 76]	7	2015	1.15
San Diago	pedestrian	[33, 35, 37, 43, 45, 47, 55, 56, 58, 67, 70, 72, 73, 76]	8	2015	0.93
San Diago	pedestrian	[33, 35, 37, 43, 45, 47, 55, 56, 58, 67, 70, 72, 73, 76]	9	2015	1.02
San Diago	pedestrian	[33, 35, 37, 43, 45, 47, 55, 56, 58, 67, 70, 72, 73, 76]	10	2015	0.81
San Diago	pedestrian	[33, 35, 37, 43, 45, 47, 55, 56, 58, 67, 70, 72, 73, 76]	11	2015	0.85
San Diago	pedestrian	[33, 35, 37, 43, 45, 47, 55, 56, 58, 67, 70, 72, 73, 76]	12	2015	0.77
San Diago	pedestrian	[33, 35, 37, 43, 45, 47, 55, 56, 58, 67, 70, 72, 73, 76]	1	2016	0.67
San Diago	pedestrian	[33, 35, 37, 43, 45, 47, 55, 56, 58, 67, 70, 72, 73, 76]	2	2016	0.80
San Diago	pedestrian	[33, 35, 37, 43, 45, 47, 55, 56, 58, 67, 70, 72, 73, 76]	3	2016	0.76
San Diago	pedestrian	[33, 35, 37, 43, 45, 47, 55, 56, 58, 67, 70, 72, 73, 76]	4	2016	0.85
San Diago	pedestrian	[33, 35, 37, 43, 45, 47, 55, 56, 58, 67, 70, 72, 73, 76]	5	2016	0.81
San Diago	pedestrian	[33, 35, 37, 43, 45, 47, 55, 56, 58, 67, 70, 72, 73, 76]	6	2016	1.07
San Diago	pedestrian	[33, 35, 37, 43, 45, 47, 55, 56, 58, 67, 70, 72, 73, 76]	7	2016	1.46
San Diago	pedestrian	[33, 35, 37, 43, 45, 47, 55, 56, 58, 67, 70, 72, 73, 76]	8	2016	0.90
San Diago	pedestrian	[33, 35, 37, 43, 45, 47, 55, 56, 58, 67, 70, 72, 73, 76]	9	2016	0.77
San Diago	pedestrian	[33, 35, 37, 43, 45, 47, 55, 56, 58, 67, 70, 72, 73, 76]	10	2016	1.28
San Diago	pedestrian	[33, 35, 37, 43, 45, 47, 55, 56, 58, 67, 70, 72, 73, 76]	11	2016	1.49
San Diago	pedestrian	[33, 35, 37, 43, 45, 47, 55, 56, 58, 67, 70, 72, 73, 76]	12	2016	1.00
Seattle	bicycle	[172, 173, 174, 176, 177, 179, 181, 183, 184, 186, 188, 189, 191, 192, 194]	1	2013	0.58
Seattle	bicycle	[172, 173, 174, 176, 177, 179, 181, 183, 184, 186, 188, 189, 191, 192, 194]	2	2013	0.72
Seattle	bicycle	[172, 173, 174, 176, 177, 179, 181, 183, 184, 186, 188, 189, 191, 192, 194]	3	2013	0.85
Seattle	bicycle	[172, 173, 174, 176, 177, 179, 181, 183, 184, 186, 188, 189, 191, 192, 194]	4	2013	0.93
Seattle	bicycle	[172, 173, 174, 176, 177, 179, 181, 183, 184, 186, 188, 189, 191, 192, 194]	5	2013	1.41
Seattle	bicycle	[172, 173, 174, 176, 177, 179, 181, 183, 184, 186, 188, 189, 191, 192, 194]	6	2013	1.33
Seattle	bicycle	[172, 173, 174, 176, 177, 179, 181, 183, 184, 186, 188, 189, 191, 192, 194]	7	2013	1.49
Seattle	bicycle	[172, 173, 174, 176, 177, 179, 181, 183, 184, 186, 188, 189, 191, 192, 194]	8	2013	1.35
Seattle	bicycle	[172, 173, 174, 176, 177, 179, 181, 183, 184, 186, 188, 189, 191, 192, 194]	9	2013	1.09
Seattle	bicycle	[172, 173, 174, 176, 177, 179, 181, 183, 184, 186, 188, 189, 191, 192, 194]	10	2013	1.01
Seattle	bicycle	[172, 173, 174, 176, 177, 179, 181, 183, 184, 186, 188, 189, 191, 192, 194]	11	2013	0.84
Seattle	bicycle	[172, 173, 174, 176, 177, 179, 181, 183, 184, 186, 188, 189, 191, 192, 194]	12	2013	0.60
Seattle	bicycle	[172, 173, 174, 176, 177, 179, 181, 183, 184, 186, 188, 189, 191, 192, 194]	1	2014	0.66
Seattle	bicycle	[172, 173, 174, 176, 177, 179, 181, 183, 184, 186, 188, 189, 191, 192, 194]	2	2014	0.59
Seattle	bicycle	[172, 173, 174, 176, 177, 179, 181, 183, 184, 186, 188, 189, 191, 192, 194]	3	2014	0.74
Seattle	bicycle	[172, 173, 174, 176, 177, 179, 181, 183, 184, 186, 188, 189, 191, 192, 194]	4	2014	0.99
Seattle	bicycle	[172, 173, 174, 176, 177, 179, 181, 183, 184, 186, 188, 189, 191, 192, 194]	5	2014	1.33
Seattle	bicycle	[172, 173, 174, 176, 177, 179, 181, 183, 184, 186, 188, 189, 191, 192, 194]	6	2014	1.36
Seattle	bicycle	[172, 173, 174, 176, 177, 179, 181, 183, 184, 186, 188, 189, 191, 192, 194]	7	2014	1.46
Seattle	bicycle	[172, 173, 174, 176, 177, 179, 181, 183, 184, 186, 188, 189, 191, 192, 194]	8	2014	1.36
Seattle	bicycle	[172, 173, 174, 176, 177, 179, 181, 183, 184, 186, 188, 189, 191, 192, 194]	9	2014	1.26
Seattle	bicycle	[172, 173, 174, 176, 177, 179, 181, 183, 184, 186, 188, 189, 191, 192, 194]	10	2014	0.98
Seattle	bicycle	[172, 173, 174, 176, 177, 179, 181, 183, 184, 186, 188, 189, 191, 192, 194]	11	2014	0.79
Seattle	bicycle	[172, 173, 174, 176, 177, 179, 181, 183, 184, 186, 188, 189, 191, 192, 194]	12	2014	0.64
Seattle	bicycle	[172, 173, 174, 176, 177, 179, 181, 183, 184, 186, 188, 189, 191, 192, 194]	1	2015	0.99
Seattle	bicycle	[172, 173, 174, 176, 177, 179, 181, 183, 184, 186, 188, 189, 191, 192, 194]	2	2015	0.78
Seattle	bicycle	[172, 173, 174, 176, 177, 179, 181, 183, 184, 186, 188, 189, 191, 192, 194]	3	2015	0.83
Seattle	bicycle	[172, 173, 174, 176, 177, 179, 181, 183, 184, 186, 188, 189, 191, 192, 194]	4	2015	0.96
Seattle	bicycle	[172, 173, 174, 176, 177, 179, 181, 183, 184, 186, 188, 189, 191, 192, 194]	5	2015	1.10
Seattle	bicycle	[172, 173, 174, 176, 177, 179, 181, 183, 184, 186, 188, 189, 191, 192, 194]	6	2015	1.32
Seattle	bicycle	[172, 173, 174, 176, 177, 179, 181, 183, 184, 186, 188, 189, 191, 192, 194]	7	2015	1.24
Seattle	bicycle	[172, 173, 174, 176, 177, 179, 181, 183, 184, 186, 188, 189, 191, 192, 194]	8	2015	1.15
Seattle	bicycle	[172, 173, 174, 176, 177, 179, 181, 183, 184, 186, 188, 189, 191, 192, 194]	9	2015	0.99
Seattle	bicycle	[172, 173, 174, 176, 177, 179, 181, 183, 184, 186, 188, 189, 191, 192, 194]	10	2015	0.85
Seattle	bicycle	[172, 173, 174, 176, 177, 179, 181, 183, 184, 186, 188, 189, 191, 192, 194]	11	2015	0.60
Seattle	bicycle	[172, 173, 174, 176, 177, 179, 181, 183, 184, 186, 188, 189, 191, 192, 194]	12	2015	1.51
Seattle	bicycle	[172, 173, 174, 176, 177, 179, 181, 183, 184, 186, 188, 189, 191, 192, 194]	1	2016	0.57
Seattle	bicycle	[172, 173, 174, 176, 177, 179, 181, 183, 184, 186, 188, 189, 191, 192, 194]	2	2016	0.72
Seattle	bicycle	[172, 173, 174, 176, 177, 179, 181, 183, 184, 186, 188, 189, 191, 192, 194]	3	2016	0.78
Seattle	bicycle	[172, 173, 174, 176, 177, 179, 181, 183, 184, 186, 188, 189, 191, 192, 194]	4	2016	1.27
Seattle	bicycle	[172, 173, 174, 176, 177, 179, 181, 183, 184, 186, 188, 189, 191, 192, 194]	5	2016	1.40
Seattle	bicycle	[172, 173, 174, 176, 177, 179, 181, 183, 184, 186, 188, 189, 191, 192, 194]	6	2016	1.40
Seattle	bicycle	[172, 173, 174, 176, 177, 179, 181, 183, 184, 186, 188, 189, 191, 192, 194]	7	2016	1.39
Seattle	bicycle	[172, 173, 174, 176, 177, 179, 181, 183, 184, 186, 188, 189, 191, 192, 194]	8	2016	1.35
Seattle	bicycle	[172, 173, 174, 176, 177, 179, 181, 183, 184, 186, 188, 189, 191, 192, 194]	9	2016	1.32
Seattle	bicycle	[172, 173, 174, 176, 177, 179, 181, 183, 184, 186, 188, 189, 191, 192, 194]	10	2016	0.94
Seattle	bicycle	[172, 173, 174, 176, 177, 179, 181, 183, 184, 186, 188, 189, 191, 192, 194]	11	2016	0.63
Seattle	bicycle	[172, 173, 174, 176, 177, 179, 181, 183, 184, 186, 188, 189, 191, 192, 194]	12	2016	0.35
Seattle	pedestrian	[195, 175, 178, 180, 182, 185, 187, 190, 193]	1	2014	0.59
Seattle	pedestrian	[195, 175, 178, 180, 182, 185, 187, 190, 193]	2	2014	0.55
Seattle	pedestrian	[195, 175, 178, 180, 182, 185, 187, 190, 193]	3	2014	0.74
Seattle	pedestrian	[195, 175, 178, 180, 182, 185, 187, 190, 193]	4	2014	1.05
Seattle	pedestrian	[195, 175, 178, 180, 182, 185, 187, 190, 193]	5	2014	1.26
Seattle	pedestrian	[195, 175, 178, 180, 182, 185, 187, 190, 193]	6	2014	1.60
Seattle	pedestrian	[195, 175, 178, 180, 182, 185, 187, 190, 193]	7	2014	1.43
Seattle	pedestrian	[195, 175, 178, 180, 182, 185, 187, 190, 193]	8	2014	1.87
Seattle	pedestrian	[195, 175, 178, 180, 182, 185, 187, 190, 193]	9	2014	1.10
Seattle	pedestrian	[195, 175, 178, 180, 182, 185, 187, 190, 193]	10	2014	0.69
Seattle	pedestrian	[195, 175, 178, 180, 182, 185, 187, 190, 193]	11	2014	0.60
Seattle	pedestrian	[195, 175, 178, 180, 182, 185, 187, 190, 193]	12	2014	0.52
Seattle	pedestrian	[195, 175, 178, 180, 182, 185, 187, 190, 193]	1	2015	0.44
Seattle	pedestrian	[195, 175, 178, 180, 182, 185, 187, 190, 193]	2	2015	0.45
Seattle	pedestrian	[195, 175, 178, 180, 182, 185, 187, 190, 193]	3	2015	0.69
Seattle	pedestrian	[195, 175, 178, 180, 182, 185, 187, 190, 193]	4	2015	1.93
Seattle	pedestrian	[195, 175, 178, 180, 182, 185, 187, 190, 193]	5	2015	1.33
Seattle	pedestrian	[195, 175, 178, 180, 182, 185, 187, 190, 193]	6	2015	0.83
Seattle	pedestrian	[195, 175, 178, 180, 182, 185, 187, 190, 193]	7	2015	0.82
Seattle	pedestrian	[195, 175, 178, 180, 182, 185, 187, 190, 193]	8	2015	0.98
Seattle	pedestrian	[195, 175, 178, 180, 182, 185, 187, 190, 193]	9	2015	0.75
Seattle	pedestrian	[195, 175, 178, 180, 182, 185, 187, 190, 193]	10	2015	0.55
Seattle	pedestrian	[195, 175, 178, 180, 182, 185, 187, 190, 193]	11	2015	0.42
Seattle	pedestrian	[195, 175, 178, 180, 182, 185, 187, 190, 193]	12	2015	2.12
Seattle	pedestrian	[195, 175, 178, 180, 182, 185, 187, 190, 193]	1	2016	2.30
Seattle	pedestrian	[195, 175, 178, 180, 182, 185, 187, 190, 193]	2	2016	0.48
Seattle	pedestrian	[195, 175, 178, 180, 182, 185, 187, 190, 193]	3	2016	0.54
Seattle	pedestrian	[195, 175, 178, 180, 182, 185, 187, 190, 193]	4	2016	0.78
Seattle	pedestrian	[195, 175, 178, 180, 182, 185, 187, 190, 193]	5	2016	0.85
Seattle	pedestrian	[195, 175, 178, 180, 182, 185, 187, 190, 193]	6	2016	2.54
Seattle	pedestrian	[195, 175, 178, 180, 182, 185, 187, 190, 193]	7	2016	1.48
Seattle	pedestrian	[195, 175, 178, 180, 182, 185, 187, 190, 193]	8	2016	1.01
Seattle	pedestrian	[195, 175, 178, 180, 182, 185, 187, 190, 193]	9	2016	0.72
Seattle	pedestrian	[195, 175, 178, 180, 182, 185, 187, 190, 193]	10	2016	0.47
Seattle	pedestrian	[195, 175, 178, 180, 182, 185, 187, 190, 193]	11	2016	0.45
Seattle	pedestrian	[195, 175, 178, 180, 182, 185, 187, 190, 193]	12	2016	0.30
